{
  "target": {
    "arch": "pruned_unstructured_90_finetuned",
    "weights": "/home/bruno/Downloads/ModelCompressionResearch/output/Bruno/Modelos/prunning/unstructured/pruned_unstructured_90_finetuned.pth.gz",
    "params_total": 11174607,
    "params_trainable": 0,
    "buffers": 9620,
    "macs": 1813569024,
    "flops": 3627138048,
    "file_size_mb": 5.465317726135254,
    "fp32_size_mb": 42.627742767333984,
    "fp16_size_mb": 21.313871383666992,
    "int8_size_mb": 10.656935691833496,
    "latencies": {
      "1": {
        "mean_ms": 1.8276970000806614,
        "std_ms": 0.19744905381689584,
        "p50_ms": 1.7188964993692935,
        "p95_ms": 2.2368885003743344,
        "p99_ms": 2.279728111025179,
        "throughput_imgs": 547.136642428076
      },
      "32": {
        "mean_ms": 21.016737700156227,
        "std_ms": 0.23042938240730898,
        "p50_ms": 21.009323000726,
        "p95_ms": 21.37246505053554,
        "p99_ms": 21.657087610037706,
        "throughput_imgs": 1522.5959640616406
      }
    },
    "top1": 0.9760981912144703,
    "f1_macro": 0.9746532907798441,
    "f1_weighted": 0.976055010298741,
    "per_class_report": "                                             precision    recall  f1-score   support\n\n              Pepper__bell___Bacterial_spot     1.0000    1.0000    1.0000       149\n                     Pepper__bell___healthy     0.9955    1.0000    0.9978       222\n                      Potato___Early_blight     0.9740    1.0000    0.9868       150\n                       Potato___Late_blight     1.0000    0.9600    0.9796       150\n                           Potato___healthy     0.9583    1.0000    0.9787        23\n                      Tomato_Bacterial_spot     0.9907    1.0000    0.9953       319\n                        Tomato_Early_blight     0.9580    0.9133    0.9352       150\n                         Tomato_Late_blight     0.9893    0.9685    0.9788       286\n                           Tomato_Leaf_Mold     0.9856    0.9580    0.9716       143\n                  Tomato_Septoria_leaf_spot     0.9743    0.9962    0.9851       266\nTomato_Spider_mites_Two_spotted_spider_mite     0.9673    0.9442    0.9556       251\n                        Tomato__Target_Spot     0.9594    0.8957    0.9265       211\n      Tomato__Tomato_YellowLeaf__Curl_Virus     0.9979    0.9958    0.9969       481\n                Tomato__Tomato_mosaic_virus     0.9825    1.0000    0.9912        56\n                             Tomato_healthy     0.8914    0.9958    0.9407       239\n\n                                   accuracy                         0.9761      3096\n                                  macro avg     0.9750    0.9752    0.9747      3096\n                               weighted avg     0.9768    0.9761    0.9761      3096\n",
    "nonzero_params": 1117474
  },
  "baseline": {
    "arch": "resnet18",
    "weights": "/home/bruno/Downloads/ModelCompressionResearch/output/best_model.pth",
    "params_total": 11174607,
    "params_trainable": 0,
    "buffers": 9620,
    "macs": 1813569024,
    "flops": 3627138048,
    "file_size_mb": 64.75315475463867,
    "fp32_size_mb": 42.627742767333984,
    "fp16_size_mb": 21.313871383666992,
    "int8_size_mb": 10.656935691833496,
    "latencies": {
      "1": {
        "mean_ms": 1.9066738600668032,
        "std_ms": 0.21006705501682404,
        "p50_ms": 1.8003810000664089,
        "p95_ms": 2.293242449832178,
        "p99_ms": 2.365404900156136,
        "throughput_imgs": 524.4735457614988
      },
      "32": {
        "mean_ms": 21.127515120024327,
        "std_ms": 0.18269715596575917,
        "p50_ms": 21.102848500959226,
        "p95_ms": 21.450258050481352,
        "p99_ms": 21.562085199766443,
        "throughput_imgs": 1514.6125712470039
      }
    },
    "top1": 0.9958010335917312,
    "f1_macro": 0.9959944388056144,
    "f1_weighted": 0.9958006511148225,
    "per_class_report": "                                             precision    recall  f1-score   support\n\n              Pepper__bell___Bacterial_spot     1.0000    1.0000    1.0000       149\n                     Pepper__bell___healthy     0.9955    1.0000    0.9978       222\n                      Potato___Early_blight     1.0000    1.0000    1.0000       150\n                       Potato___Late_blight     1.0000    0.9933    0.9967       150\n                           Potato___healthy     1.0000    1.0000    1.0000        23\n                      Tomato_Bacterial_spot     0.9969    1.0000    0.9984       319\n                        Tomato_Early_blight     0.9800    0.9800    0.9800       150\n                         Tomato_Late_blight     0.9930    0.9860    0.9895       286\n                           Tomato_Leaf_Mold     1.0000    1.0000    1.0000       143\n                  Tomato_Septoria_leaf_spot     1.0000    0.9925    0.9962       266\nTomato_Spider_mites_Two_spotted_spider_mite     0.9921    1.0000    0.9960       251\n                        Tomato__Target_Spot     0.9859    0.9953    0.9906       211\n      Tomato__Tomato_YellowLeaf__Curl_Virus     1.0000    0.9979    0.9990       481\n                Tomato__Tomato_mosaic_virus     1.0000    1.0000    1.0000        56\n                             Tomato_healthy     0.9958    0.9958    0.9958       239\n\n                                   accuracy                         0.9958      3096\n                                  macro avg     0.9959    0.9961    0.9960      3096\n                               weighted avg     0.9958    0.9958    0.9958      3096\n",
    "nonzero_params": 11174607
  }
}