{
  "target": {
    "arch": "pruned_unstructured_95_finetuned",
    "weights": "/home/bruno/Downloads/ModelCompressionResearch/output/Bruno/Modelos/prunning/unstructured/pruned_unstructured_95_finetuned.pth.gz",
    "params_total": 11174607,
    "params_trainable": 0,
    "buffers": 9620,
    "macs": 1813569024,
    "flops": 3627138048,
    "file_size_mb": 2.8662643432617188,
    "fp32_size_mb": 42.627742767333984,
    "fp16_size_mb": 21.313871383666992,
    "int8_size_mb": 10.656935691833496,
    "latencies": {
      "1": {
        "mean_ms": 1.8555934799951501,
        "std_ms": 0.18591276855496075,
        "p50_ms": 1.787673999388062,
        "p95_ms": 2.2157535000587814,
        "p99_ms": 2.2971094993954466,
        "throughput_imgs": 538.9111412498678
      },
      "32": {
        "mean_ms": 20.857797079770535,
        "std_ms": 0.23164486695877443,
        "p50_ms": 20.841107999331143,
        "p95_ms": 21.250589049486734,
        "p99_ms": 21.36458948993095,
        "throughput_imgs": 1534.1984523876692
      }
    },
    "top1": 0.91343669250646,
    "f1_macro": 0.908280245185857,
    "f1_weighted": 0.9142394044568196,
    "per_class_report": "                                             precision    recall  f1-score   support\n\n              Pepper__bell___Bacterial_spot     0.9595    0.9530    0.9562       149\n                     Pepper__bell___healthy     0.9867    1.0000    0.9933       222\n                      Potato___Early_blight     0.9733    0.9733    0.9733       150\n                       Potato___Late_blight     0.9333    0.9333    0.9333       150\n                           Potato___healthy     0.9545    0.9130    0.9333        23\n                      Tomato_Bacterial_spot     0.9934    0.9467    0.9695       319\n                        Tomato_Early_blight     0.9316    0.7267    0.8165       150\n                         Tomato_Late_blight     0.9242    0.8951    0.9094       286\n                           Tomato_Leaf_Mold     0.9839    0.8531    0.9139       143\n                  Tomato_Septoria_leaf_spot     0.8768    0.9361    0.9055       266\nTomato_Spider_mites_Two_spotted_spider_mite     0.9075    0.8207    0.8619       251\n                        Tomato__Target_Spot     0.8483    0.7156    0.7763       211\n      Tomato__Tomato_YellowLeaf__Curl_Virus     0.9896    0.9854    0.9875       481\n                Tomato__Tomato_mosaic_virus     0.8929    0.8929    0.8929        56\n                             Tomato_healthy     0.6704    0.9958    0.8013       239\n\n                                   accuracy                         0.9134      3096\n                                  macro avg     0.9217    0.9027    0.9083      3096\n                               weighted avg     0.9231    0.9134    0.9142      3096\n",
    "nonzero_params": 558744
  },
  "baseline": {
    "arch": "resnet18",
    "weights": "/home/bruno/Downloads/ModelCompressionResearch/best_model.pth",
    "params_total": 11174607,
    "params_trainable": 0,
    "buffers": 9620,
    "macs": 1813569024,
    "flops": 3627138048,
    "file_size_mb": 64.75315475463867,
    "fp32_size_mb": 42.627742767333984,
    "fp16_size_mb": 21.313871383666992,
    "int8_size_mb": 10.656935691833496,
    "latencies": {
      "1": {
        "mean_ms": 1.7817177400866058,
        "std_ms": 0.16810694641469862,
        "p50_ms": 1.6781840004114201,
        "p95_ms": 2.0900895999147906,
        "p99_ms": 2.2039631004554394,
        "throughput_imgs": 561.2561280056582
      },
      "32": {
        "mean_ms": 20.866937099926872,
        "std_ms": 0.13921440929601958,
        "p50_ms": 20.85889799946017,
        "p95_ms": 21.05019250038822,
        "p99_ms": 21.17058448950047,
        "throughput_imgs": 1533.526451283171
      }
    },
    "top1": 0.9958010335917312,
    "f1_macro": 0.9959944388056144,
    "f1_weighted": 0.9958006511148225,
    "per_class_report": "                                             precision    recall  f1-score   support\n\n              Pepper__bell___Bacterial_spot     1.0000    1.0000    1.0000       149\n                     Pepper__bell___healthy     0.9955    1.0000    0.9978       222\n                      Potato___Early_blight     1.0000    1.0000    1.0000       150\n                       Potato___Late_blight     1.0000    0.9933    0.9967       150\n                           Potato___healthy     1.0000    1.0000    1.0000        23\n                      Tomato_Bacterial_spot     0.9969    1.0000    0.9984       319\n                        Tomato_Early_blight     0.9800    0.9800    0.9800       150\n                         Tomato_Late_blight     0.9930    0.9860    0.9895       286\n                           Tomato_Leaf_Mold     1.0000    1.0000    1.0000       143\n                  Tomato_Septoria_leaf_spot     1.0000    0.9925    0.9962       266\nTomato_Spider_mites_Two_spotted_spider_mite     0.9921    1.0000    0.9960       251\n                        Tomato__Target_Spot     0.9859    0.9953    0.9906       211\n      Tomato__Tomato_YellowLeaf__Curl_Virus     1.0000    0.9979    0.9990       481\n                Tomato__Tomato_mosaic_virus     1.0000    1.0000    1.0000        56\n                             Tomato_healthy     0.9958    0.9958    0.9958       239\n\n                                   accuracy                         0.9958      3096\n                                  macro avg     0.9959    0.9961    0.9960      3096\n                               weighted avg     0.9958    0.9958    0.9958      3096\n",
    "nonzero_params": 11174607
  }
}