{
  "target": {
    "arch": "pruned_unstructured_50",
    "weights": "/home/bruno/Downloads/ModelCompressionResearch/output/Bruno/Modelos/prunning/unstructured/pruned_unstructured_50.pth.gz",
    "params_total": 11174607,
    "params_trainable": 0,
    "buffers": 9620,
    "macs": 1813569024,
    "flops": 3627138048,
    "file_size_mb": 24.195378303527832,
    "fp32_size_mb": 42.627742767333984,
    "fp16_size_mb": 21.313871383666992,
    "int8_size_mb": 10.656935691833496,
    "latencies": {
      "1": {
        "mean_ms": 1.8159196601845906,
        "std_ms": 0.17148789434830694,
        "p50_ms": 1.7413650002708891,
        "p95_ms": 2.1886995001295872,
        "p99_ms": 2.2446882109943544,
        "throughput_imgs": 550.6851552553535
      },
      "32": {
        "mean_ms": 21.319603299853043,
        "std_ms": 0.8965914025448514,
        "p50_ms": 20.962418000635807,
        "p95_ms": 23.16394049958035,
        "p99_ms": 23.451623109922366,
        "throughput_imgs": 1500.9660147016234
      }
    },
    "top1": 0.9802971576227391,
    "f1_macro": 0.9812570860745845,
    "f1_weighted": 0.9803045791334917,
    "per_class_report": "                                             precision    recall  f1-score   support\n\n              Pepper__bell___Bacterial_spot     0.9868    1.0000    0.9933       149\n                     Pepper__bell___healthy     0.9955    1.0000    0.9978       222\n                      Potato___Early_blight     1.0000    0.9933    0.9967       150\n                       Potato___Late_blight     1.0000    0.9933    0.9967       150\n                           Potato___healthy     1.0000    1.0000    1.0000        23\n                      Tomato_Bacterial_spot     0.9969    0.9969    0.9969       319\n                        Tomato_Early_blight     0.9789    0.9267    0.9521       150\n                         Tomato_Late_blight     0.9826    0.9895    0.9861       286\n                           Tomato_Leaf_Mold     1.0000    0.9720    0.9858       143\n                  Tomato_Septoria_leaf_spot     0.9815    0.9962    0.9888       266\nTomato_Spider_mites_Two_spotted_spider_mite     0.8537    1.0000    0.9211       251\n                        Tomato__Target_Spot     0.9944    0.8389    0.9100       211\n      Tomato__Tomato_YellowLeaf__Curl_Virus     1.0000    0.9917    0.9958       481\n                Tomato__Tomato_mosaic_virus     1.0000    1.0000    1.0000        56\n                             Tomato_healthy     1.0000    0.9958    0.9979       239\n\n                                   accuracy                         0.9803      3096\n                                  macro avg     0.9847    0.9796    0.9813      3096\n                               weighted avg     0.9823    0.9803    0.9803      3096\n",
    "nonzero_params": 5587311
  },
  "baseline": {
    "arch": "resnet18",
    "weights": "/home/bruno/Downloads/ModelCompressionResearch/output/best_model.pth",
    "params_total": 11174607,
    "params_trainable": 0,
    "buffers": 9620,
    "macs": 1813569024,
    "flops": 3627138048,
    "file_size_mb": 64.75315475463867,
    "fp32_size_mb": 42.627742767333984,
    "fp16_size_mb": 21.313871383666992,
    "int8_size_mb": 10.656935691833496,
    "latencies": {
      "1": {
        "mean_ms": 1.8792466400918784,
        "std_ms": 0.1743703805038787,
        "p50_ms": 1.8215099998997175,
        "p95_ms": 2.167146000738285,
        "p99_ms": 2.2454704890515127,
        "throughput_imgs": 532.1281297866835
      },
      "32": {
        "mean_ms": 20.847506660102226,
        "std_ms": 0.4223856796084149,
        "p50_ms": 20.69478600151342,
        "p95_ms": 21.589004500037845,
        "p99_ms": 21.62740129051599,
        "throughput_imgs": 1534.9557393950288
      }
    },
    "top1": 0.9958010335917312,
    "f1_macro": 0.9959944388056144,
    "f1_weighted": 0.9958006511148225,
    "per_class_report": "                                             precision    recall  f1-score   support\n\n              Pepper__bell___Bacterial_spot     1.0000    1.0000    1.0000       149\n                     Pepper__bell___healthy     0.9955    1.0000    0.9978       222\n                      Potato___Early_blight     1.0000    1.0000    1.0000       150\n                       Potato___Late_blight     1.0000    0.9933    0.9967       150\n                           Potato___healthy     1.0000    1.0000    1.0000        23\n                      Tomato_Bacterial_spot     0.9969    1.0000    0.9984       319\n                        Tomato_Early_blight     0.9800    0.9800    0.9800       150\n                         Tomato_Late_blight     0.9930    0.9860    0.9895       286\n                           Tomato_Leaf_Mold     1.0000    1.0000    1.0000       143\n                  Tomato_Septoria_leaf_spot     1.0000    0.9925    0.9962       266\nTomato_Spider_mites_Two_spotted_spider_mite     0.9921    1.0000    0.9960       251\n                        Tomato__Target_Spot     0.9859    0.9953    0.9906       211\n      Tomato__Tomato_YellowLeaf__Curl_Virus     1.0000    0.9979    0.9990       481\n                Tomato__Tomato_mosaic_virus     1.0000    1.0000    1.0000        56\n                             Tomato_healthy     0.9958    0.9958    0.9958       239\n\n                                   accuracy                         0.9958      3096\n                                  macro avg     0.9959    0.9961    0.9960      3096\n                               weighted avg     0.9958    0.9958    0.9958      3096\n",
    "nonzero_params": 11174607
  }
}