{
  "target": {
    "arch": "pruned_unstructured_65",
    "weights": "/home/bruno/Downloads/ModelCompressionResearch/output/Bruno/Modelos/prunning/unstructured/pruned_unstructured_65.pth.gz",
    "params_total": 11174607,
    "params_trainable": 0,
    "buffers": 9620,
    "macs": 1813569024,
    "flops": 3627138048,
    "file_size_mb": 17.473373413085938,
    "fp32_size_mb": 42.627742767333984,
    "fp16_size_mb": 21.313871383666992,
    "int8_size_mb": 10.656935691833496,
    "latencies": {
      "1": {
        "mean_ms": 1.8292750998443807,
        "std_ms": 0.19192809237658542,
        "p50_ms": 1.7293620003329124,
        "p95_ms": 2.199194549666572,
        "p99_ms": 2.2584189992085157,
        "throughput_imgs": 546.6646323918537
      },
      "32": {
        "mean_ms": 20.91297985996789,
        "std_ms": 0.1586423118385024,
        "p50_ms": 20.863295999333786,
        "p95_ms": 21.18343099937192,
        "p99_ms": 21.353577289955865,
        "throughput_imgs": 1530.1501849220033
      }
    },
    "top1": 0.7089793281653747,
    "f1_macro": 0.5922442347052499,
    "f1_weighted": 0.651775540904025,
    "per_class_report": "                                             precision    recall  f1-score   support\n\n              Pepper__bell___Bacterial_spot     0.3691    0.9933    0.5382       149\n                     Pepper__bell___healthy     1.0000    0.0045    0.0090       222\n                      Potato___Early_blight     1.0000    0.1933    0.3240       150\n                       Potato___Late_blight     0.8974    0.9333    0.9150       150\n                           Potato___healthy     0.0000    0.0000    0.0000        23\n                      Tomato_Bacterial_spot     0.9101    0.9843    0.9458       319\n                        Tomato_Early_blight     0.8214    0.6133    0.7023       150\n                         Tomato_Late_blight     0.6510    0.9196    0.7623       286\n                           Tomato_Leaf_Mold     0.9145    0.9720    0.9424       143\n                  Tomato_Septoria_leaf_spot     0.4651    0.9774    0.6303       266\nTomato_Spider_mites_Two_spotted_spider_mite     0.6522    0.9562    0.7754       251\n                        Tomato__Target_Spot     1.0000    0.0427    0.0818       211\n      Tomato__Tomato_YellowLeaf__Curl_Virus     1.0000    0.9522    0.9755       481\n                Tomato__Tomato_mosaic_virus     1.0000    0.8214    0.9020        56\n                             Tomato_healthy     1.0000    0.2343    0.3797       239\n\n                                   accuracy                         0.7090      3096\n                                  macro avg     0.7787    0.6399    0.5922      3096\n                               weighted avg     0.8290    0.7090    0.6518      3096\n",
    "nonzero_params": 3911122
  },
  "baseline": {
    "arch": "resnet18",
    "weights": "/home/bruno/Downloads/ModelCompressionResearch/output/best_model.pth",
    "params_total": 11174607,
    "params_trainable": 0,
    "buffers": 9620,
    "macs": 1813569024,
    "flops": 3627138048,
    "file_size_mb": 64.75315475463867,
    "fp32_size_mb": 42.627742767333984,
    "fp16_size_mb": 21.313871383666992,
    "int8_size_mb": 10.656935691833496,
    "latencies": {
      "1": {
        "mean_ms": 1.7601775199364056,
        "std_ms": 0.1439073762267874,
        "p50_ms": 1.6854274999786867,
        "p95_ms": 2.057905449419195,
        "p99_ms": 2.109528790515469,
        "throughput_imgs": 568.1245150978463
      },
      "32": {
        "mean_ms": 21.062463660164212,
        "std_ms": 0.20211968109914638,
        "p50_ms": 21.038665499872877,
        "p95_ms": 21.384331549415947,
        "p99_ms": 21.65344087039557,
        "throughput_imgs": 1519.2904551105355
      }
    },
    "top1": 0.9958010335917312,
    "f1_macro": 0.9959944388056144,
    "f1_weighted": 0.9958006511148225,
    "per_class_report": "                                             precision    recall  f1-score   support\n\n              Pepper__bell___Bacterial_spot     1.0000    1.0000    1.0000       149\n                     Pepper__bell___healthy     0.9955    1.0000    0.9978       222\n                      Potato___Early_blight     1.0000    1.0000    1.0000       150\n                       Potato___Late_blight     1.0000    0.9933    0.9967       150\n                           Potato___healthy     1.0000    1.0000    1.0000        23\n                      Tomato_Bacterial_spot     0.9969    1.0000    0.9984       319\n                        Tomato_Early_blight     0.9800    0.9800    0.9800       150\n                         Tomato_Late_blight     0.9930    0.9860    0.9895       286\n                           Tomato_Leaf_Mold     1.0000    1.0000    1.0000       143\n                  Tomato_Septoria_leaf_spot     1.0000    0.9925    0.9962       266\nTomato_Spider_mites_Two_spotted_spider_mite     0.9921    1.0000    0.9960       251\n                        Tomato__Target_Spot     0.9859    0.9953    0.9906       211\n      Tomato__Tomato_YellowLeaf__Curl_Virus     1.0000    0.9979    0.9990       481\n                Tomato__Tomato_mosaic_virus     1.0000    1.0000    1.0000        56\n                             Tomato_healthy     0.9958    0.9958    0.9958       239\n\n                                   accuracy                         0.9958      3096\n                                  macro avg     0.9959    0.9961    0.9960      3096\n                               weighted avg     0.9958    0.9958    0.9958      3096\n",
    "nonzero_params": 11174607
  }
}