{
  "target": {
    "arch": "resnet18",
    "weights": "/home/bruno/Downloads/ModelCompressionResearchCopia/output/Bruno/Modelos/prunning/unstructured/pruned_unstructured_50.pth.gz",
    "params_total": 11174607,
    "params_trainable": 0,
    "buffers": 9620,
    "macs": 1813569024,
    "flops": 3627138048,
    "file_size_mb": 24.195255279541016,
    "fp32_size_mb": 42.627742767333984,
    "fp16_size_mb": 21.313871383666992,
    "int8_size_mb": 10.656935691833496,
    "latencies": {
      "1": {
        "mean_ms": 1.775970700000471,
        "std_ms": 0.09842723395550183,
        "p50_ms": 1.7473950000521654,
        "p95_ms": 1.934238999911031,
        "p99_ms": 2.0978489099547915,
        "throughput_imgs": 563.0723524885489
      },
      "32": {
        "mean_ms": 18.692735819990958,
        "std_ms": 0.277512301547315,
        "p50_ms": 18.677313000011964,
        "p95_ms": 18.980043050078166,
        "p99_ms": 19.616108839943536,
        "throughput_imgs": 1711.8949472220959
      }
    },
    "top1": 0.9802971576227391,
    "f1_macro": 0.9812570860745845,
    "f1_weighted": 0.9803045791334917,
    "per_class_report": "                                             precision    recall  f1-score   support\n\n              Pepper__bell___Bacterial_spot     0.9868    1.0000    0.9933       149\n                     Pepper__bell___healthy     0.9955    1.0000    0.9978       222\n                      Potato___Early_blight     1.0000    0.9933    0.9967       150\n                       Potato___Late_blight     1.0000    0.9933    0.9967       150\n                           Potato___healthy     1.0000    1.0000    1.0000        23\n                      Tomato_Bacterial_spot     0.9969    0.9969    0.9969       319\n                        Tomato_Early_blight     0.9789    0.9267    0.9521       150\n                         Tomato_Late_blight     0.9826    0.9895    0.9861       286\n                           Tomato_Leaf_Mold     1.0000    0.9720    0.9858       143\n                  Tomato_Septoria_leaf_spot     0.9815    0.9962    0.9888       266\nTomato_Spider_mites_Two_spotted_spider_mite     0.8537    1.0000    0.9211       251\n                        Tomato__Target_Spot     0.9944    0.8389    0.9100       211\n      Tomato__Tomato_YellowLeaf__Curl_Virus     1.0000    0.9917    0.9958       481\n                Tomato__Tomato_mosaic_virus     1.0000    1.0000    1.0000        56\n                             Tomato_healthy     1.0000    0.9958    0.9979       239\n\n                                   accuracy                         0.9803      3096\n                                  macro avg     0.9847    0.9796    0.9813      3096\n                               weighted avg     0.9823    0.9803    0.9803      3096\n",
    "nonzero_params": 5587311
  },
  "baseline": {
    "arch": "resnet18",
    "weights": "/home/bruno/Downloads/ModelCompressionResearchCopia/baseline.pth.gz",
    "params_total": 11174607,
    "params_trainable": 0,
    "buffers": 9620,
    "macs": 1813569024,
    "flops": 3627138048,
    "file_size_mb": 42.116960525512695,
    "fp32_size_mb": 42.627742767333984,
    "fp16_size_mb": 21.313871383666992,
    "int8_size_mb": 10.656935691833496,
    "latencies": {
      "1": {
        "mean_ms": 1.671006319998014,
        "std_ms": 0.0881717893554999,
        "p50_ms": 1.6388884999969378,
        "p95_ms": 1.898916499931147,
        "p99_ms": 1.9431621199782965,
        "throughput_imgs": 598.4417820760776
      },
      "32": {
        "mean_ms": 20.555088180021812,
        "std_ms": 0.3270448481486768,
        "p50_ms": 20.619841499978975,
        "p95_ms": 21.001728100054606,
        "p99_ms": 21.063885289891005,
        "throughput_imgs": 1556.7921538328346
      }
    },
    "top1": 0.9958010335917312,
    "f1_macro": 0.9959944388056144,
    "f1_weighted": 0.9958006511148225,
    "per_class_report": "                                             precision    recall  f1-score   support\n\n              Pepper__bell___Bacterial_spot     1.0000    1.0000    1.0000       149\n                     Pepper__bell___healthy     0.9955    1.0000    0.9978       222\n                      Potato___Early_blight     1.0000    1.0000    1.0000       150\n                       Potato___Late_blight     1.0000    0.9933    0.9967       150\n                           Potato___healthy     1.0000    1.0000    1.0000        23\n                      Tomato_Bacterial_spot     0.9969    1.0000    0.9984       319\n                        Tomato_Early_blight     0.9800    0.9800    0.9800       150\n                         Tomato_Late_blight     0.9930    0.9860    0.9895       286\n                           Tomato_Leaf_Mold     1.0000    1.0000    1.0000       143\n                  Tomato_Septoria_leaf_spot     1.0000    0.9925    0.9962       266\nTomato_Spider_mites_Two_spotted_spider_mite     0.9921    1.0000    0.9960       251\n                        Tomato__Target_Spot     0.9859    0.9953    0.9906       211\n      Tomato__Tomato_YellowLeaf__Curl_Virus     1.0000    0.9979    0.9990       481\n                Tomato__Tomato_mosaic_virus     1.0000    1.0000    1.0000        56\n                             Tomato_healthy     0.9958    0.9958    0.9958       239\n\n                                   accuracy                         0.9958      3096\n                                  macro avg     0.9959    0.9961    0.9960      3096\n                               weighted avg     0.9958    0.9958    0.9958      3096\n",
    "nonzero_params": 11174607
  }
}