{
  "target": {
    "arch": "resnet18",
    "weights": "/home/bruno/Downloads/ModelCompressionResearchCopia/output/Bruno/Modelos/prunning/unstructured/pruned_unstructured_40.pth.gz",
    "params_total": 11174607,
    "params_trainable": 0,
    "buffers": 9620,
    "macs": 1813569024,
    "flops": 3627138048,
    "file_size_mb": 28.35175323486328,
    "fp32_size_mb": 42.627742767333984,
    "fp16_size_mb": 21.313871383666992,
    "int8_size_mb": 10.656935691833496,
    "latencies": {
      "1": {
        "mean_ms": 1.6759278999825256,
        "std_ms": 0.06584234428892466,
        "p50_ms": 1.649226999916209,
        "p95_ms": 1.8523564499787426,
        "p99_ms": 1.875695699905009,
        "throughput_imgs": 596.6843800442888
      },
      "32": {
        "mean_ms": 18.719092240016835,
        "std_ms": 0.2768063256785908,
        "p50_ms": 18.718630999956076,
        "p95_ms": 19.2154650499333,
        "p99_ms": 19.560911359972124,
        "throughput_imgs": 1709.484604792525
      }
    },
    "top1": 0.9912790697674418,
    "f1_macro": 0.991888686005215,
    "f1_weighted": 0.9912971132455732,
    "per_class_report": "                                             precision    recall  f1-score   support\n\n              Pepper__bell___Bacterial_spot     0.9933    1.0000    0.9967       149\n                     Pepper__bell___healthy     0.9955    1.0000    0.9978       222\n                      Potato___Early_blight     1.0000    0.9933    0.9967       150\n                       Potato___Late_blight     1.0000    0.9933    0.9967       150\n                           Potato___healthy     1.0000    1.0000    1.0000        23\n                      Tomato_Bacterial_spot     0.9969    0.9937    0.9953       319\n                        Tomato_Early_blight     0.9732    0.9667    0.9699       150\n                         Tomato_Late_blight     0.9894    0.9825    0.9860       286\n                           Tomato_Leaf_Mold     1.0000    0.9860    0.9930       143\n                  Tomato_Septoria_leaf_spot     0.9851    0.9962    0.9907       266\nTomato_Spider_mites_Two_spotted_spider_mite     0.9580    1.0000    0.9786       251\n                        Tomato__Target_Spot     0.9952    0.9763    0.9856       211\n      Tomato__Tomato_YellowLeaf__Curl_Virus     1.0000    0.9917    0.9958       481\n                Tomato__Tomato_mosaic_virus     1.0000    1.0000    1.0000        56\n                             Tomato_healthy     0.9958    0.9958    0.9958       239\n\n                                   accuracy                         0.9913      3096\n                                  macro avg     0.9922    0.9917    0.9919      3096\n                               weighted avg     0.9914    0.9913    0.9913      3096\n",
    "nonzero_params": 6704770
  },
  "baseline": {
    "arch": "resnet18",
    "weights": "/home/bruno/Downloads/ModelCompressionResearchCopia/baseline.pth.gz",
    "params_total": 11174607,
    "params_trainable": 0,
    "buffers": 9620,
    "macs": 1813569024,
    "flops": 3627138048,
    "file_size_mb": 42.116960525512695,
    "fp32_size_mb": 42.627742767333984,
    "fp16_size_mb": 21.313871383666992,
    "int8_size_mb": 10.656935691833496,
    "latencies": {
      "1": {
        "mean_ms": 1.695404440006314,
        "std_ms": 0.10432383737625675,
        "p50_ms": 1.6432465000661978,
        "p95_ms": 1.9348019499830116,
        "p99_ms": 1.9630439899174235,
        "throughput_imgs": 589.8297635673738
      },
      "32": {
        "mean_ms": 18.675653640007113,
        "std_ms": 0.27223576043014586,
        "p50_ms": 18.649846000016623,
        "p95_ms": 19.007546600016667,
        "p99_ms": 19.628362610003478,
        "throughput_imgs": 1713.4607771612011
      }
    },
    "top1": 0.9958010335917312,
    "f1_macro": 0.9959944388056144,
    "f1_weighted": 0.9958006511148225,
    "per_class_report": "                                             precision    recall  f1-score   support\n\n              Pepper__bell___Bacterial_spot     1.0000    1.0000    1.0000       149\n                     Pepper__bell___healthy     0.9955    1.0000    0.9978       222\n                      Potato___Early_blight     1.0000    1.0000    1.0000       150\n                       Potato___Late_blight     1.0000    0.9933    0.9967       150\n                           Potato___healthy     1.0000    1.0000    1.0000        23\n                      Tomato_Bacterial_spot     0.9969    1.0000    0.9984       319\n                        Tomato_Early_blight     0.9800    0.9800    0.9800       150\n                         Tomato_Late_blight     0.9930    0.9860    0.9895       286\n                           Tomato_Leaf_Mold     1.0000    1.0000    1.0000       143\n                  Tomato_Septoria_leaf_spot     1.0000    0.9925    0.9962       266\nTomato_Spider_mites_Two_spotted_spider_mite     0.9921    1.0000    0.9960       251\n                        Tomato__Target_Spot     0.9859    0.9953    0.9906       211\n      Tomato__Tomato_YellowLeaf__Curl_Virus     1.0000    0.9979    0.9990       481\n                Tomato__Tomato_mosaic_virus     1.0000    1.0000    1.0000        56\n                             Tomato_healthy     0.9958    0.9958    0.9958       239\n\n                                   accuracy                         0.9958      3096\n                                  macro avg     0.9959    0.9961    0.9960      3096\n                               weighted avg     0.9958    0.9958    0.9958      3096\n",
    "nonzero_params": 11174607
  }
}