{
  "target": {
    "arch": "resnet18",
    "weights": "/home/bruno/Downloads/ModelCompressionResearchCopia/output/Bruno/Modelos/prunning/unstructured/pruned_unstructured_80_finetuned.pth.gz",
    "params_total": 11174607,
    "params_trainable": 0,
    "buffers": 9620,
    "macs": 1813569024,
    "flops": 3627138048,
    "file_size_mb": 10.414029121398926,
    "fp32_size_mb": 42.627742767333984,
    "fp16_size_mb": 21.313871383666992,
    "int8_size_mb": 10.656935691833496,
    "latencies": {
      "1": {
        "mean_ms": 1.9533190600213857,
        "std_ms": 0.17621628099321157,
        "p50_ms": 1.8952080000644855,
        "p95_ms": 2.2918825499345985,
        "p99_ms": 2.4679387998594393,
        "throughput_imgs": 511.9491333837963
      },
      "32": {
        "mean_ms": 19.901216120019853,
        "std_ms": 0.8084617187565821,
        "p50_ms": 19.863694499917983,
        "p95_ms": 21.072621500002242,
        "p99_ms": 21.143362710090514,
        "throughput_imgs": 1607.9419371668066
      }
    },
    "top1": 0.9893410852713178,
    "f1_macro": 0.9896553665026055,
    "f1_weighted": 0.9893321113961512,
    "per_class_report": "                                             precision    recall  f1-score   support\n\n              Pepper__bell___Bacterial_spot     1.0000    0.9933    0.9966       149\n                     Pepper__bell___healthy     0.9955    1.0000    0.9978       222\n                      Potato___Early_blight     1.0000    1.0000    1.0000       150\n                       Potato___Late_blight     1.0000    0.9933    0.9967       150\n                           Potato___healthy     1.0000    1.0000    1.0000        23\n                      Tomato_Bacterial_spot     0.9938    0.9969    0.9953       319\n                        Tomato_Early_blight     0.9931    0.9533    0.9728       150\n                         Tomato_Late_blight     0.9861    0.9895    0.9878       286\n                           Tomato_Leaf_Mold     1.0000    0.9720    0.9858       143\n                  Tomato_Septoria_leaf_spot     0.9852    1.0000    0.9925       266\nTomato_Spider_mites_Two_spotted_spider_mite     0.9683    0.9721    0.9702       251\n                        Tomato__Target_Spot     0.9856    0.9763    0.9810       211\n      Tomato__Tomato_YellowLeaf__Curl_Virus     0.9979    0.9938    0.9958       481\n                Tomato__Tomato_mosaic_virus     0.9825    1.0000    0.9912        56\n                             Tomato_healthy     0.9675    0.9958    0.9814       239\n\n                                   accuracy                         0.9893      3096\n                                  macro avg     0.9904    0.9891    0.9897      3096\n                               weighted avg     0.9894    0.9893    0.9893      3096\n",
    "nonzero_params": 2234934
  },
  "baseline": {
    "arch": "resnet18",
    "weights": "/home/bruno/Downloads/ModelCompressionResearchCopia/baseline.pth.gz",
    "params_total": 11174607,
    "params_trainable": 0,
    "buffers": 9620,
    "macs": 1813569024,
    "flops": 3627138048,
    "file_size_mb": 42.116960525512695,
    "fp32_size_mb": 42.627742767333984,
    "fp16_size_mb": 21.313871383666992,
    "int8_size_mb": 10.656935691833496,
    "latencies": {
      "1": {
        "mean_ms": 1.8555794400162995,
        "std_ms": 0.28062810538637567,
        "p50_ms": 1.7476804999887463,
        "p95_ms": 2.4906369499717584,
        "p99_ms": 2.6592826601154225,
        "throughput_imgs": 538.9152188446408
      },
      "32": {
        "mean_ms": 20.51464073997522,
        "std_ms": 0.3377755363966763,
        "p50_ms": 20.510126499971193,
        "p95_ms": 21.039042450092893,
        "p99_ms": 21.10685140994974,
        "throughput_imgs": 1559.8615840073762
      }
    },
    "top1": 0.9958010335917312,
    "f1_macro": 0.9959944388056144,
    "f1_weighted": 0.9958006511148225,
    "per_class_report": "                                             precision    recall  f1-score   support\n\n              Pepper__bell___Bacterial_spot     1.0000    1.0000    1.0000       149\n                     Pepper__bell___healthy     0.9955    1.0000    0.9978       222\n                      Potato___Early_blight     1.0000    1.0000    1.0000       150\n                       Potato___Late_blight     1.0000    0.9933    0.9967       150\n                           Potato___healthy     1.0000    1.0000    1.0000        23\n                      Tomato_Bacterial_spot     0.9969    1.0000    0.9984       319\n                        Tomato_Early_blight     0.9800    0.9800    0.9800       150\n                         Tomato_Late_blight     0.9930    0.9860    0.9895       286\n                           Tomato_Leaf_Mold     1.0000    1.0000    1.0000       143\n                  Tomato_Septoria_leaf_spot     1.0000    0.9925    0.9962       266\nTomato_Spider_mites_Two_spotted_spider_mite     0.9921    1.0000    0.9960       251\n                        Tomato__Target_Spot     0.9859    0.9953    0.9906       211\n      Tomato__Tomato_YellowLeaf__Curl_Virus     1.0000    0.9979    0.9990       481\n                Tomato__Tomato_mosaic_virus     1.0000    1.0000    1.0000        56\n                             Tomato_healthy     0.9958    0.9958    0.9958       239\n\n                                   accuracy                         0.9958      3096\n                                  macro avg     0.9959    0.9961    0.9960      3096\n                               weighted avg     0.9958    0.9958    0.9958      3096\n",
    "nonzero_params": 11174607
  }
}