{
  "target": {
    "arch": "pruned_unstructured_65_finetuned",
    "weights": "/home/bruno/Downloads/ModelCompressionResearch/output/Bruno/Modelos/prunning/unstructured/pruned_unstructured_65_finetuned.pth.gz",
    "params_total": 11174607,
    "params_trainable": 0,
    "buffers": 9620,
    "macs": 1813569024,
    "flops": 3627138048,
    "file_size_mb": 17.491140365600586,
    "fp32_size_mb": 42.627742767333984,
    "fp16_size_mb": 21.313871383666992,
    "int8_size_mb": 10.656935691833496,
    "latencies": {
      "1": {
        "mean_ms": 1.9432380601210753,
        "std_ms": 0.19716194759376476,
        "p50_ms": 1.8665020006665145,
        "p95_ms": 2.3007834998679755,
        "p99_ms": 2.429515799940418,
        "throughput_imgs": 514.60498871543
      },
      "32": {
        "mean_ms": 20.777306340096402,
        "std_ms": 0.32927615443743635,
        "p50_ms": 20.719481000924134,
        "p95_ms": 21.37082199969882,
        "p99_ms": 21.43601000027047,
        "throughput_imgs": 1540.141896942909
      }
    },
    "top1": 0.9919250645994832,
    "f1_macro": 0.991809609834099,
    "f1_weighted": 0.9919588165397873,
    "per_class_report": "                                             precision    recall  f1-score   support\n\n              Pepper__bell___Bacterial_spot     1.0000    1.0000    1.0000       149\n                     Pepper__bell___healthy     0.9955    1.0000    0.9978       222\n                      Potato___Early_blight     1.0000    1.0000    1.0000       150\n                       Potato___Late_blight     1.0000    0.9933    0.9967       150\n                           Potato___healthy     1.0000    1.0000    1.0000        23\n                      Tomato_Bacterial_spot     0.9969    1.0000    0.9984       319\n                        Tomato_Early_blight     0.9797    0.9667    0.9732       150\n                         Tomato_Late_blight     0.9861    0.9930    0.9895       286\n                           Tomato_Leaf_Mold     1.0000    0.9930    0.9965       143\n                  Tomato_Septoria_leaf_spot     1.0000    0.9774    0.9886       266\nTomato_Spider_mites_Two_spotted_spider_mite     0.9959    0.9681    0.9818       251\n                        Tomato__Target_Spot     0.9378    1.0000    0.9679       211\n      Tomato__Tomato_YellowLeaf__Curl_Virus     1.0000    1.0000    1.0000       481\n                Tomato__Tomato_mosaic_virus     1.0000    0.9821    0.9910        56\n                             Tomato_healthy     0.9958    0.9958    0.9958       239\n\n                                   accuracy                         0.9919      3096\n                                  macro avg     0.9925    0.9913    0.9918      3096\n                               weighted avg     0.9922    0.9919    0.9920      3096\n",
    "nonzero_params": 3911122
  },
  "baseline": {
    "arch": "resnet18",
    "weights": "/home/bruno/Downloads/ModelCompressionResearch/output/best_model.pth",
    "params_total": 11174607,
    "params_trainable": 0,
    "buffers": 9620,
    "macs": 1813569024,
    "flops": 3627138048,
    "file_size_mb": 64.75315475463867,
    "fp32_size_mb": 42.627742767333984,
    "fp16_size_mb": 21.313871383666992,
    "int8_size_mb": 10.656935691833496,
    "latencies": {
      "1": {
        "mean_ms": 1.8269495998538332,
        "std_ms": 0.18312065151659518,
        "p50_ms": 1.764642499438196,
        "p95_ms": 2.188616450075642,
        "p99_ms": 2.2565714007760107,
        "throughput_imgs": 547.3604745746713
      },
      "32": {
        "mean_ms": 21.084375099926547,
        "std_ms": 0.18986754700549893,
        "p50_ms": 21.084085500660876,
        "p95_ms": 21.406223499707266,
        "p99_ms": 21.608147888891835,
        "throughput_imgs": 1517.7115683220547
      }
    },
    "top1": 0.9958010335917312,
    "f1_macro": 0.9959944388056144,
    "f1_weighted": 0.9958006511148225,
    "per_class_report": "                                             precision    recall  f1-score   support\n\n              Pepper__bell___Bacterial_spot     1.0000    1.0000    1.0000       149\n                     Pepper__bell___healthy     0.9955    1.0000    0.9978       222\n                      Potato___Early_blight     1.0000    1.0000    1.0000       150\n                       Potato___Late_blight     1.0000    0.9933    0.9967       150\n                           Potato___healthy     1.0000    1.0000    1.0000        23\n                      Tomato_Bacterial_spot     0.9969    1.0000    0.9984       319\n                        Tomato_Early_blight     0.9800    0.9800    0.9800       150\n                         Tomato_Late_blight     0.9930    0.9860    0.9895       286\n                           Tomato_Leaf_Mold     1.0000    1.0000    1.0000       143\n                  Tomato_Septoria_leaf_spot     1.0000    0.9925    0.9962       266\nTomato_Spider_mites_Two_spotted_spider_mite     0.9921    1.0000    0.9960       251\n                        Tomato__Target_Spot     0.9859    0.9953    0.9906       211\n      Tomato__Tomato_YellowLeaf__Curl_Virus     1.0000    0.9979    0.9990       481\n                Tomato__Tomato_mosaic_virus     1.0000    1.0000    1.0000        56\n                             Tomato_healthy     0.9958    0.9958    0.9958       239\n\n                                   accuracy                         0.9958      3096\n                                  macro avg     0.9959    0.9961    0.9960      3096\n                               weighted avg     0.9958    0.9958    0.9958      3096\n",
    "nonzero_params": 11174607
  }
}