{
  "target": {
    "arch": "resnet18",
    "weights": "/home/bruno/Downloads/ModelCompressionResearchCopia/output/Bruno/Modelos/prunning/unstructured/pruned_unstructured_95_finetuned.pth.gz",
    "params_total": 11174607,
    "params_trainable": 0,
    "buffers": 9620,
    "macs": 1813569024,
    "flops": 3627138048,
    "file_size_mb": 2.866328239440918,
    "fp32_size_mb": 42.627742767333984,
    "fp16_size_mb": 21.313871383666992,
    "int8_size_mb": 10.656935691833496,
    "latencies": {
      "1": {
        "mean_ms": 1.7536532629860773,
        "std_ms": 0.12642122490055563,
        "p50_ms": 1.7131520509719849,
        "p95_ms": 2.102528035640716,
        "p99_ms": 2.354350116252898,
        "throughput_imgs": 570.2381543186165
      },
      "32": {
        "mean_ms": 19.424976844787597,
        "std_ms": 0.29642679981694314,
        "p50_ms": 19.44934368133545,
        "p95_ms": 20.001229381561277,
        "p99_ms": 20.56393814086914,
        "throughput_imgs": 1647.3636110710074
      }
    },
    "top1": 0.9108527131782945,
    "f1_macro": 0.9050210103187847,
    "f1_weighted": 0.9118815088753863,
    "per_class_report": "                                             precision    recall  f1-score   support\n\n              Pepper__bell___Bacterial_spot     0.9728    0.9597    0.9662       149\n                     Pepper__bell___healthy     0.9866    0.9955    0.9910       222\n                      Potato___Early_blight     0.9545    0.9800    0.9671       150\n                       Potato___Late_blight     0.9177    0.9667    0.9416       150\n                           Potato___healthy     1.0000    0.8696    0.9302        23\n                      Tomato_Bacterial_spot     0.9871    0.9561    0.9713       319\n                        Tomato_Early_blight     0.9167    0.7333    0.8148       150\n                         Tomato_Late_blight     0.9515    0.8916    0.9206       286\n                           Tomato_Leaf_Mold     0.9841    0.8671    0.9219       143\n                  Tomato_Septoria_leaf_spot     0.8929    0.9398    0.9158       266\nTomato_Spider_mites_Two_spotted_spider_mite     0.9268    0.7570    0.8333       251\n                        Tomato__Target_Spot     0.8278    0.7062    0.7621       211\n      Tomato__Tomato_YellowLeaf__Curl_Virus     0.9876    0.9896    0.9886       481\n                Tomato__Tomato_mosaic_virus     0.9038    0.8393    0.8704        56\n                             Tomato_healthy     0.6415    0.9958    0.7803       239\n\n                                   accuracy                         0.9109      3096\n                                  macro avg     0.9234    0.8965    0.9050      3096\n                               weighted avg     0.9227    0.9109    0.9119      3096\n",
    "nonzero_params": 558744
  },
  "baseline": {
    "arch": "resnet18",
    "weights": "baseline.pth.gz",
    "params_total": 11174607,
    "params_trainable": 0,
    "buffers": 9620,
    "macs": 1813569024,
    "flops": 3627138048,
    "file_size_mb": 42.116960525512695,
    "fp32_size_mb": 42.627742767333984,
    "fp16_size_mb": 21.313871383666992,
    "int8_size_mb": 10.656935691833496,
    "latencies": {
      "1": {
        "mean_ms": 1.8226479160916673,
        "std_ms": 0.20409961075356017,
        "p50_ms": 1.804800033569336,
        "p95_ms": 2.2228991985321045,
        "p99_ms": 2.527272891998291,
        "throughput_imgs": 548.6523157716142
      },
      "32": {
        "mean_ms": 19.86257072024875,
        "std_ms": 0.6659035459457607,
        "p50_ms": 19.900928497314453,
        "p95_ms": 21.10064563751221,
        "p99_ms": 21.54107557296753,
        "throughput_imgs": 1611.070412319682
      }
    },
    "top1": 0.9958010335917312,
    "f1_macro": 0.9959944388056144,
    "f1_weighted": 0.9958006511148225,
    "per_class_report": "                                             precision    recall  f1-score   support\n\n              Pepper__bell___Bacterial_spot     1.0000    1.0000    1.0000       149\n                     Pepper__bell___healthy     0.9955    1.0000    0.9978       222\n                      Potato___Early_blight     1.0000    1.0000    1.0000       150\n                       Potato___Late_blight     1.0000    0.9933    0.9967       150\n                           Potato___healthy     1.0000    1.0000    1.0000        23\n                      Tomato_Bacterial_spot     0.9969    1.0000    0.9984       319\n                        Tomato_Early_blight     0.9800    0.9800    0.9800       150\n                         Tomato_Late_blight     0.9930    0.9860    0.9895       286\n                           Tomato_Leaf_Mold     1.0000    1.0000    1.0000       143\n                  Tomato_Septoria_leaf_spot     1.0000    0.9925    0.9962       266\nTomato_Spider_mites_Two_spotted_spider_mite     0.9921    1.0000    0.9960       251\n                        Tomato__Target_Spot     0.9859    0.9953    0.9906       211\n      Tomato__Tomato_YellowLeaf__Curl_Virus     1.0000    0.9979    0.9990       481\n                Tomato__Tomato_mosaic_virus     1.0000    1.0000    1.0000        56\n                             Tomato_healthy     0.9958    0.9958    0.9958       239\n\n                                   accuracy                         0.9958      3096\n                                  macro avg     0.9959    0.9961    0.9960      3096\n                               weighted avg     0.9958    0.9958    0.9958      3096\n",
    "nonzero_params": 11174607
  }
}