{
  "target": {
    "arch": "pruned_unstructured_60",
    "weights": "/home/bruno/Downloads/ModelCompressionResearch/output/Bruno/Modelos/prunning/unstructured/pruned_unstructured_60.pth.gz",
    "params_total": 11174607,
    "params_trainable": 0,
    "buffers": 9620,
    "macs": 1813569024,
    "flops": 3627138048,
    "file_size_mb": 19.706775665283203,
    "fp32_size_mb": 42.627742767333984,
    "fp16_size_mb": 21.313871383666992,
    "int8_size_mb": 10.656935691833496,
    "latencies": {
      "1": {
        "mean_ms": 1.9312038199859671,
        "std_ms": 0.25403569645930685,
        "p50_ms": 1.806900500014308,
        "p95_ms": 2.3621585494765895,
        "p99_ms": 2.4388851890580554,
        "throughput_imgs": 517.8117346553645
      },
      "32": {
        "mean_ms": 20.763790259879897,
        "std_ms": 0.4148505473625216,
        "p50_ms": 20.66302799994446,
        "p95_ms": 21.52748949920351,
        "p99_ms": 21.792453200414457,
        "throughput_imgs": 1541.1444442217696
      }
    },
    "top1": 0.8640180878552972,
    "f1_macro": 0.8352153039636191,
    "f1_weighted": 0.8555418808296285,
    "per_class_report": "                                             precision    recall  f1-score   support\n\n              Pepper__bell___Bacterial_spot     0.5085    1.0000    0.6742       149\n                     Pepper__bell___healthy     1.0000    0.4369    0.6082       222\n                      Potato___Early_blight     1.0000    0.7067    0.8281       150\n                       Potato___Late_blight     0.8976    0.9933    0.9430       150\n                           Potato___healthy     1.0000    0.5217    0.6857        23\n                      Tomato_Bacterial_spot     0.9722    0.9875    0.9798       319\n                        Tomato_Early_blight     0.9841    0.8267    0.8986       150\n                         Tomato_Late_blight     0.9218    0.9895    0.9545       286\n                           Tomato_Leaf_Mold     1.0000    0.9231    0.9600       143\n                  Tomato_Septoria_leaf_spot     0.8721    0.9737    0.9201       266\nTomato_Spider_mites_Two_spotted_spider_mite     0.5734    0.9960    0.7278       251\n                        Tomato__Target_Spot     1.0000    0.2654    0.4195       211\n      Tomato__Tomato_YellowLeaf__Curl_Virus     1.0000    0.9813    0.9906       481\n                Tomato__Tomato_mosaic_virus     0.9825    1.0000    0.9912        56\n                             Tomato_healthy     1.0000    0.8996    0.9471       239\n\n                                   accuracy                         0.8640      3096\n                                  macro avg     0.9141    0.8334    0.8352      3096\n                               weighted avg     0.9146    0.8640    0.8555      3096\n",
    "nonzero_params": 4469852
  },
  "baseline": {
    "arch": "resnet18",
    "weights": "/home/bruno/Downloads/ModelCompressionResearch/output/best_model.pth",
    "params_total": 11174607,
    "params_trainable": 0,
    "buffers": 9620,
    "macs": 1813569024,
    "flops": 3627138048,
    "file_size_mb": 64.75315475463867,
    "fp32_size_mb": 42.627742767333984,
    "fp16_size_mb": 21.313871383666992,
    "int8_size_mb": 10.656935691833496,
    "latencies": {
      "1": {
        "mean_ms": 1.858995880029397,
        "std_ms": 0.21902378601314065,
        "p50_ms": 1.7653710001468426,
        "p95_ms": 2.2328979487610923,
        "p99_ms": 2.333207599895104,
        "throughput_imgs": 537.924807011507
      },
      "32": {
        "mean_ms": 21.014131199954136,
        "std_ms": 0.18808351542432336,
        "p50_ms": 20.985458000723156,
        "p95_ms": 21.265259550455085,
        "p99_ms": 21.567082800647768,
        "throughput_imgs": 1522.7848201532995
      }
    },
    "top1": 0.9958010335917312,
    "f1_macro": 0.9959944388056144,
    "f1_weighted": 0.9958006511148225,
    "per_class_report": "                                             precision    recall  f1-score   support\n\n              Pepper__bell___Bacterial_spot     1.0000    1.0000    1.0000       149\n                     Pepper__bell___healthy     0.9955    1.0000    0.9978       222\n                      Potato___Early_blight     1.0000    1.0000    1.0000       150\n                       Potato___Late_blight     1.0000    0.9933    0.9967       150\n                           Potato___healthy     1.0000    1.0000    1.0000        23\n                      Tomato_Bacterial_spot     0.9969    1.0000    0.9984       319\n                        Tomato_Early_blight     0.9800    0.9800    0.9800       150\n                         Tomato_Late_blight     0.9930    0.9860    0.9895       286\n                           Tomato_Leaf_Mold     1.0000    1.0000    1.0000       143\n                  Tomato_Septoria_leaf_spot     1.0000    0.9925    0.9962       266\nTomato_Spider_mites_Two_spotted_spider_mite     0.9921    1.0000    0.9960       251\n                        Tomato__Target_Spot     0.9859    0.9953    0.9906       211\n      Tomato__Tomato_YellowLeaf__Curl_Virus     1.0000    0.9979    0.9990       481\n                Tomato__Tomato_mosaic_virus     1.0000    1.0000    1.0000        56\n                             Tomato_healthy     0.9958    0.9958    0.9958       239\n\n                                   accuracy                         0.9958      3096\n                                  macro avg     0.9959    0.9961    0.9960      3096\n                               weighted avg     0.9958    0.9958    0.9958      3096\n",
    "nonzero_params": 11174607
  }
}