{
  "target": {
    "arch": "resnet18",
    "weights": "/home/bruno/Downloads/ModelCompressionResearchCopia/output/Bruno/Modelos/prunning/unstructured/pruned_unstructured_75_finetuned.pth.gz",
    "params_total": 11174607,
    "params_trainable": 0,
    "buffers": 9620,
    "macs": 1813569024,
    "flops": 3627138048,
    "file_size_mb": 12.814903259277344,
    "fp32_size_mb": 42.627742767333984,
    "fp16_size_mb": 21.313871383666992,
    "int8_size_mb": 10.656935691833496,
    "latencies": {
      "1": {
        "mean_ms": 14.790547299489845,
        "std_ms": 0.4845497769603519,
        "p50_ms": 14.68488299724413,
        "p95_ms": 15.823214501142502,
        "p99_ms": 16.026715196931036,
        "throughput_imgs": 67.61075028200558
      },
      "32": {
        "mean_ms": 456.02609630062943,
        "std_ms": 27.75315568515895,
        "p50_ms": 449.85155599715654,
        "p95_ms": 497.70720440283185,
        "p99_ms": 504.553762327414,
        "throughput_imgs": 70.17142277512207
      }
    },
    "top1": 0.9932170542635659,
    "f1_macro": 0.9931402659021876,
    "f1_weighted": 0.9931996536003893,
    "per_class_report": "                                             precision    recall  f1-score   support\n\n              Pepper__bell___Bacterial_spot     1.0000    1.0000    1.0000       149\n                     Pepper__bell___healthy     0.9955    1.0000    0.9978       222\n                      Potato___Early_blight     0.9934    1.0000    0.9967       150\n                       Potato___Late_blight     1.0000    0.9933    0.9967       150\n                           Potato___healthy     1.0000    1.0000    1.0000        23\n                      Tomato_Bacterial_spot     0.9938    1.0000    0.9969       319\n                        Tomato_Early_blight     0.9865    0.9733    0.9799       150\n                         Tomato_Late_blight     0.9965    0.9930    0.9947       286\n                           Tomato_Leaf_Mold     1.0000    1.0000    1.0000       143\n                  Tomato_Septoria_leaf_spot     0.9963    1.0000    0.9981       266\nTomato_Spider_mites_Two_spotted_spider_mite     0.9959    0.9562    0.9756       251\n                        Tomato__Target_Spot     0.9633    0.9953    0.9790       211\n      Tomato__Tomato_YellowLeaf__Curl_Virus     1.0000    0.9979    0.9990       481\n                Tomato__Tomato_mosaic_virus     0.9825    1.0000    0.9912        56\n                             Tomato_healthy     0.9876    0.9958    0.9917       239\n\n                                   accuracy                         0.9932      3096\n                                  macro avg     0.9927    0.9937    0.9931      3096\n                               weighted avg     0.9933    0.9932    0.9932      3096\n",
    "nonzero_params": 2793663
  },
  "baseline": {
    "arch": "resnet18",
    "weights": "/home/bruno/Downloads/ModelCompressionResearchCopia/baseline.pth.gz",
    "params_total": 11174607,
    "params_trainable": 0,
    "buffers": 9620,
    "macs": 1813569024,
    "flops": 3627138048,
    "file_size_mb": 42.116960525512695,
    "fp32_size_mb": 42.627742767333984,
    "fp16_size_mb": 21.313871383666992,
    "int8_size_mb": 10.656935691833496,
    "latencies": {
      "1": {
        "mean_ms": 16.44245368108386,
        "std_ms": 1.8479090291224662,
        "p50_ms": 17.299023507803213,
        "p95_ms": 18.570757954148576,
        "p99_ms": 19.059586805233266,
        "throughput_imgs": 60.8181734548807
      },
      "32": {
        "mean_ms": 461.4554598592804,
        "std_ms": 28.92262567618324,
        "p50_ms": 464.3797219978296,
        "p95_ms": 504.5073507433699,
        "p99_ms": 508.77149687497877,
        "throughput_imgs": 69.34580427276408
      }
    },
    "top1": 0.9958010335917312,
    "f1_macro": 0.9959944388056144,
    "f1_weighted": 0.9958006511148225,
    "per_class_report": "                                             precision    recall  f1-score   support\n\n              Pepper__bell___Bacterial_spot     1.0000    1.0000    1.0000       149\n                     Pepper__bell___healthy     0.9955    1.0000    0.9978       222\n                      Potato___Early_blight     1.0000    1.0000    1.0000       150\n                       Potato___Late_blight     1.0000    0.9933    0.9967       150\n                           Potato___healthy     1.0000    1.0000    1.0000        23\n                      Tomato_Bacterial_spot     0.9969    1.0000    0.9984       319\n                        Tomato_Early_blight     0.9800    0.9800    0.9800       150\n                         Tomato_Late_blight     0.9930    0.9860    0.9895       286\n                           Tomato_Leaf_Mold     1.0000    1.0000    1.0000       143\n                  Tomato_Septoria_leaf_spot     1.0000    0.9925    0.9962       266\nTomato_Spider_mites_Two_spotted_spider_mite     0.9921    1.0000    0.9960       251\n                        Tomato__Target_Spot     0.9859    0.9953    0.9906       211\n      Tomato__Tomato_YellowLeaf__Curl_Virus     1.0000    0.9979    0.9990       481\n                Tomato__Tomato_mosaic_virus     1.0000    1.0000    1.0000        56\n                             Tomato_healthy     0.9958    0.9958    0.9958       239\n\n                                   accuracy                         0.9958      3096\n                                  macro avg     0.9959    0.9961    0.9960      3096\n                               weighted avg     0.9958    0.9958    0.9958      3096\n",
    "nonzero_params": 11174607
  }
}