{
  "target": {
    "arch": "pruned_unstructured_90",
    "weights": "/home/bruno/Downloads/ModelCompressionResearch/output/Bruno/Modelos/prunning/unstructured/pruned_unstructured_90.pth.gz",
    "params_total": 11174607,
    "params_trainable": 0,
    "buffers": 9620,
    "macs": 1813569024,
    "flops": 3627138048,
    "file_size_mb": 5.371550559997559,
    "fp32_size_mb": 42.627742767333984,
    "fp16_size_mb": 21.313871383666992,
    "int8_size_mb": 10.656935691833496,
    "latencies": {
      "1": {
        "mean_ms": 1.8537586797538097,
        "std_ms": 0.20327132587778238,
        "p50_ms": 1.7794409995985916,
        "p95_ms": 2.2604154988584924,
        "p99_ms": 2.3017426991282264,
        "throughput_imgs": 539.4445409328068
      },
      "32": {
        "mean_ms": 20.8477028001289,
        "std_ms": 0.16179983038013662,
        "p50_ms": 20.849403000283928,
        "p95_ms": 21.072755950171995,
        "p99_ms": 21.123049710495252,
        "throughput_imgs": 1534.941298175171
      }
    },
    "top1": 0.11498708010335917,
    "f1_macro": 0.040717975174106816,
    "f1_weighted": 0.04801853790098045,
    "per_class_report": "                                             precision    recall  f1-score   support\n\n              Pepper__bell___Bacterial_spot     0.0000    0.0000    0.0000       149\n                     Pepper__bell___healthy     0.0000    0.0000    0.0000       222\n                      Potato___Early_blight     0.0000    0.0000    0.0000       150\n                       Potato___Late_blight     0.0000    0.0000    0.0000       150\n                           Potato___healthy     0.0000    0.0000    0.0000        23\n                      Tomato_Bacterial_spot     0.0000    0.0000    0.0000       319\n                        Tomato_Early_blight     0.0000    0.0000    0.0000       150\n                         Tomato_Late_blight     0.1212    0.6783    0.2056       286\n                           Tomato_Leaf_Mold     0.0243    0.0559    0.0339       143\n                  Tomato_Septoria_leaf_spot     0.0000    0.0000    0.0000       266\nTomato_Spider_mites_Two_spotted_spider_mite     0.1348    0.2191    0.1669       251\n                        Tomato__Target_Spot     0.1306    0.4692    0.2043       211\n      Tomato__Tomato_YellowLeaf__Curl_Virus     0.0000    0.0000    0.0000       481\n                Tomato__Tomato_mosaic_virus     0.0000    0.0000    0.0000        56\n                             Tomato_healthy     0.0000    0.0000    0.0000       239\n\n                                   accuracy                         0.1150      3096\n                                  macro avg     0.0274    0.0948    0.0407      3096\n                               weighted avg     0.0321    0.1150    0.0480      3096\n",
    "nonzero_params": 1117474
  },
  "baseline": {
    "arch": "resnet18",
    "weights": "/home/bruno/Downloads/ModelCompressionResearch/best_model.pth",
    "params_total": 11174607,
    "params_trainable": 0,
    "buffers": 9620,
    "macs": 1813569024,
    "flops": 3627138048,
    "file_size_mb": 64.75315475463867,
    "fp32_size_mb": 42.627742767333984,
    "fp16_size_mb": 21.313871383666992,
    "int8_size_mb": 10.656935691833496,
    "latencies": {
      "1": {
        "mean_ms": 1.7890452599021955,
        "std_ms": 0.18310168823925907,
        "p50_ms": 1.6825249995235936,
        "p95_ms": 2.1428370007924964,
        "p99_ms": 2.2049563902146474,
        "throughput_imgs": 558.9573513946028
      },
      "32": {
        "mean_ms": 20.965551900153514,
        "std_ms": 0.21077414961126215,
        "p50_ms": 20.95566800016968,
        "p95_ms": 21.2842239996462,
        "p99_ms": 21.466525100258878,
        "throughput_imgs": 1526.3132662758899
      }
    },
    "top1": 0.9958010335917312,
    "f1_macro": 0.9959944388056144,
    "f1_weighted": 0.9958006511148225,
    "per_class_report": "                                             precision    recall  f1-score   support\n\n              Pepper__bell___Bacterial_spot     1.0000    1.0000    1.0000       149\n                     Pepper__bell___healthy     0.9955    1.0000    0.9978       222\n                      Potato___Early_blight     1.0000    1.0000    1.0000       150\n                       Potato___Late_blight     1.0000    0.9933    0.9967       150\n                           Potato___healthy     1.0000    1.0000    1.0000        23\n                      Tomato_Bacterial_spot     0.9969    1.0000    0.9984       319\n                        Tomato_Early_blight     0.9800    0.9800    0.9800       150\n                         Tomato_Late_blight     0.9930    0.9860    0.9895       286\n                           Tomato_Leaf_Mold     1.0000    1.0000    1.0000       143\n                  Tomato_Septoria_leaf_spot     1.0000    0.9925    0.9962       266\nTomato_Spider_mites_Two_spotted_spider_mite     0.9921    1.0000    0.9960       251\n                        Tomato__Target_Spot     0.9859    0.9953    0.9906       211\n      Tomato__Tomato_YellowLeaf__Curl_Virus     1.0000    0.9979    0.9990       481\n                Tomato__Tomato_mosaic_virus     1.0000    1.0000    1.0000        56\n                             Tomato_healthy     0.9958    0.9958    0.9958       239\n\n                                   accuracy                         0.9958      3096\n                                  macro avg     0.9959    0.9961    0.9960      3096\n                               weighted avg     0.9958    0.9958    0.9958      3096\n",
    "nonzero_params": 11174607
  }
}