{
  "target": {
    "arch": "pruned_unstructured_75",
    "weights": "/home/bruno/Downloads/ModelCompressionResearch/output/Bruno/Modelos/prunning/unstructured/pruned_unstructured_75.pth.gz",
    "params_total": 11174607,
    "params_trainable": 0,
    "buffers": 9620,
    "macs": 1813569024,
    "flops": 3627138048,
    "file_size_mb": 12.79784870147705,
    "fp32_size_mb": 42.627742767333984,
    "fp16_size_mb": 21.313871383666992,
    "int8_size_mb": 10.656935691833496,
    "latencies": {
      "1": {
        "mean_ms": 1.798687120062823,
        "std_ms": 0.15380981305112562,
        "p50_ms": 1.7224145003638114,
        "p95_ms": 2.1356909998758056,
        "p99_ms": 2.1777269002814137,
        "throughput_imgs": 555.9610611794857
      },
      "32": {
        "mean_ms": 20.981222079972213,
        "std_ms": 0.19272568196471895,
        "p50_ms": 20.944199000041408,
        "p95_ms": 21.26942395061633,
        "p99_ms": 21.465218799548893,
        "throughput_imgs": 1525.1733134527872
      }
    },
    "top1": 0.1569767441860465,
    "f1_macro": 0.08969633705581788,
    "f1_weighted": 0.12216755741234533,
    "per_class_report": "                                             precision    recall  f1-score   support\n\n              Pepper__bell___Bacterial_spot     1.0000    0.0134    0.0265       149\n                     Pepper__bell___healthy     0.0000    0.0000    0.0000       222\n                      Potato___Early_blight     1.0000    0.0133    0.0263       150\n                       Potato___Late_blight     0.2143    0.0400    0.0674       150\n                           Potato___healthy     0.0000    0.0000    0.0000        23\n                      Tomato_Bacterial_spot     0.0000    0.0000    0.0000       319\n                        Tomato_Early_blight     0.0000    0.0000    0.0000       150\n                         Tomato_Late_blight     0.2673    0.5524    0.3603       286\n                           Tomato_Leaf_Mold     0.0642    1.0000    0.1207       143\n                  Tomato_Septoria_leaf_spot     0.6758    0.4624    0.5491       266\nTomato_Spider_mites_Two_spotted_spider_mite     0.0000    0.0000    0.0000       251\n                        Tomato__Target_Spot     0.0000    0.0000    0.0000       211\n      Tomato__Tomato_YellowLeaf__Curl_Virus     1.0000    0.1081    0.1951       481\n                Tomato__Tomato_mosaic_virus     0.0000    0.0000    0.0000        56\n                             Tomato_healthy     0.0000    0.0000    0.0000       239\n\n                                   accuracy                         0.1570      3096\n                                  macro avg     0.2814    0.1460    0.0897      3096\n                               weighted avg     0.3480    0.1570    0.1222      3096\n",
    "nonzero_params": 2793663
  },
  "baseline": {
    "arch": "resnet18",
    "weights": "/home/bruno/Downloads/ModelCompressionResearch/output/best_model.pth",
    "params_total": 11174607,
    "params_trainable": 0,
    "buffers": 9620,
    "macs": 1813569024,
    "flops": 3627138048,
    "file_size_mb": 64.75315475463867,
    "fp32_size_mb": 42.627742767333984,
    "fp16_size_mb": 21.313871383666992,
    "int8_size_mb": 10.656935691833496,
    "latencies": {
      "1": {
        "mean_ms": 1.878269739827374,
        "std_ms": 0.21436727880603787,
        "p50_ms": 1.815798999814433,
        "p95_ms": 2.2927670004719403,
        "p99_ms": 2.3593426011029806,
        "throughput_imgs": 532.4048930756383
      },
      "32": {
        "mean_ms": 20.971125420073804,
        "std_ms": 0.1741599072473508,
        "p50_ms": 20.93574000082299,
        "p95_ms": 21.28523600031258,
        "p99_ms": 21.42133859986643,
        "throughput_imgs": 1525.907616258364
      }
    },
    "top1": 0.9958010335917312,
    "f1_macro": 0.9959944388056144,
    "f1_weighted": 0.9958006511148225,
    "per_class_report": "                                             precision    recall  f1-score   support\n\n              Pepper__bell___Bacterial_spot     1.0000    1.0000    1.0000       149\n                     Pepper__bell___healthy     0.9955    1.0000    0.9978       222\n                      Potato___Early_blight     1.0000    1.0000    1.0000       150\n                       Potato___Late_blight     1.0000    0.9933    0.9967       150\n                           Potato___healthy     1.0000    1.0000    1.0000        23\n                      Tomato_Bacterial_spot     0.9969    1.0000    0.9984       319\n                        Tomato_Early_blight     0.9800    0.9800    0.9800       150\n                         Tomato_Late_blight     0.9930    0.9860    0.9895       286\n                           Tomato_Leaf_Mold     1.0000    1.0000    1.0000       143\n                  Tomato_Septoria_leaf_spot     1.0000    0.9925    0.9962       266\nTomato_Spider_mites_Two_spotted_spider_mite     0.9921    1.0000    0.9960       251\n                        Tomato__Target_Spot     0.9859    0.9953    0.9906       211\n      Tomato__Tomato_YellowLeaf__Curl_Virus     1.0000    0.9979    0.9990       481\n                Tomato__Tomato_mosaic_virus     1.0000    1.0000    1.0000        56\n                             Tomato_healthy     0.9958    0.9958    0.9958       239\n\n                                   accuracy                         0.9958      3096\n                                  macro avg     0.9959    0.9961    0.9960      3096\n                               weighted avg     0.9958    0.9958    0.9958      3096\n",
    "nonzero_params": 11174607
  }
}