{
  "target": {
    "arch": "resnet18",
    "weights": "/home/bruno/Downloads/ModelCompressionResearchCopia/output/Bruno/Modelos/prunning/unstructured/pruned_unstructured_40.pth.gz",
    "params_total": 11174607,
    "params_trainable": 0,
    "buffers": 9620,
    "macs": 1813569024,
    "flops": 3627138048,
    "file_size_mb": 28.35175323486328,
    "fp32_size_mb": 42.627742767333984,
    "fp16_size_mb": 21.313871383666992,
    "int8_size_mb": 10.656935691833496,
    "latencies": {
      "1": {
        "mean_ms": 13.381986679451074,
        "std_ms": 0.2799587217614861,
        "p50_ms": 13.322043501830194,
        "p95_ms": 13.868863543029875,
        "p99_ms": 14.00559500179952,
        "throughput_imgs": 74.72731993789579
      },
      "32": {
        "mean_ms": 468.8660225609783,
        "std_ms": 25.340514918186983,
        "p50_ms": 465.98646050551906,
        "p95_ms": 510.8373410512286,
        "p99_ms": 520.185396388988,
        "throughput_imgs": 68.24977383776672
      }
    },
    "top1": 0.9912790697674418,
    "f1_macro": 0.991888686005215,
    "f1_weighted": 0.9912971132455732,
    "per_class_report": "                                             precision    recall  f1-score   support\n\n              Pepper__bell___Bacterial_spot     0.9933    1.0000    0.9967       149\n                     Pepper__bell___healthy     0.9955    1.0000    0.9978       222\n                      Potato___Early_blight     1.0000    0.9933    0.9967       150\n                       Potato___Late_blight     1.0000    0.9933    0.9967       150\n                           Potato___healthy     1.0000    1.0000    1.0000        23\n                      Tomato_Bacterial_spot     0.9969    0.9937    0.9953       319\n                        Tomato_Early_blight     0.9732    0.9667    0.9699       150\n                         Tomato_Late_blight     0.9894    0.9825    0.9860       286\n                           Tomato_Leaf_Mold     1.0000    0.9860    0.9930       143\n                  Tomato_Septoria_leaf_spot     0.9851    0.9962    0.9907       266\nTomato_Spider_mites_Two_spotted_spider_mite     0.9580    1.0000    0.9786       251\n                        Tomato__Target_Spot     0.9952    0.9763    0.9856       211\n      Tomato__Tomato_YellowLeaf__Curl_Virus     1.0000    0.9917    0.9958       481\n                Tomato__Tomato_mosaic_virus     1.0000    1.0000    1.0000        56\n                             Tomato_healthy     0.9958    0.9958    0.9958       239\n\n                                   accuracy                         0.9913      3096\n                                  macro avg     0.9922    0.9917    0.9919      3096\n                               weighted avg     0.9914    0.9913    0.9913      3096\n",
    "nonzero_params": 6704770
  },
  "baseline": {
    "arch": "resnet18",
    "weights": "/home/bruno/Downloads/ModelCompressionResearchCopia/baseline.pth.gz",
    "params_total": 11174607,
    "params_trainable": 0,
    "buffers": 9620,
    "macs": 1813569024,
    "flops": 3627138048,
    "file_size_mb": 42.116960525512695,
    "fp32_size_mb": 42.627742767333984,
    "fp16_size_mb": 21.313871383666992,
    "int8_size_mb": 10.656935691833496,
    "latencies": {
      "1": {
        "mean_ms": 13.911948859749828,
        "std_ms": 0.7192652581100402,
        "p50_ms": 13.80901950324187,
        "p95_ms": 15.270764504384715,
        "p99_ms": 15.907915098068768,
        "throughput_imgs": 71.88065526126313
      },
      "32": {
        "mean_ms": 471.35755932104075,
        "std_ms": 30.23280941716243,
        "p50_ms": 469.574709997687,
        "p95_ms": 517.9099331558973,
        "p99_ms": 531.3381841007504,
        "throughput_imgs": 67.88901411933199
      }
    },
    "top1": 0.9958010335917312,
    "f1_macro": 0.9959944388056144,
    "f1_weighted": 0.9958006511148225,
    "per_class_report": "                                             precision    recall  f1-score   support\n\n              Pepper__bell___Bacterial_spot     1.0000    1.0000    1.0000       149\n                     Pepper__bell___healthy     0.9955    1.0000    0.9978       222\n                      Potato___Early_blight     1.0000    1.0000    1.0000       150\n                       Potato___Late_blight     1.0000    0.9933    0.9967       150\n                           Potato___healthy     1.0000    1.0000    1.0000        23\n                      Tomato_Bacterial_spot     0.9969    1.0000    0.9984       319\n                        Tomato_Early_blight     0.9800    0.9800    0.9800       150\n                         Tomato_Late_blight     0.9930    0.9860    0.9895       286\n                           Tomato_Leaf_Mold     1.0000    1.0000    1.0000       143\n                  Tomato_Septoria_leaf_spot     1.0000    0.9925    0.9962       266\nTomato_Spider_mites_Two_spotted_spider_mite     0.9921    1.0000    0.9960       251\n                        Tomato__Target_Spot     0.9859    0.9953    0.9906       211\n      Tomato__Tomato_YellowLeaf__Curl_Virus     1.0000    0.9979    0.9990       481\n                Tomato__Tomato_mosaic_virus     1.0000    1.0000    1.0000        56\n                             Tomato_healthy     0.9958    0.9958    0.9958       239\n\n                                   accuracy                         0.9958      3096\n                                  macro avg     0.9959    0.9961    0.9960      3096\n                               weighted avg     0.9958    0.9958    0.9958      3096\n",
    "nonzero_params": 11174607
  }
}