{
  "target": {
    "arch": "pruned_unstructured_70_finetuned",
    "weights": "/home/bruno/Downloads/ModelCompressionResearch/output/Bruno/Modelos/prunning/unstructured/pruned_unstructured_70_finetuned.pth.gz",
    "params_total": 11174607,
    "params_trainable": 0,
    "buffers": 9620,
    "macs": 1813569024,
    "flops": 3627138048,
    "file_size_mb": 15.176137924194336,
    "fp32_size_mb": 42.627742767333984,
    "fp16_size_mb": 21.313871383666992,
    "int8_size_mb": 10.656935691833496,
    "latencies": {
      "1": {
        "mean_ms": 1.8278689401267911,
        "std_ms": 0.1771536116342314,
        "p50_ms": 1.729023500047333,
        "p95_ms": 2.2012430001268513,
        "p99_ms": 2.233413399881101,
        "throughput_imgs": 547.0851755545638
      },
      "32": {
        "mean_ms": 21.433607140133972,
        "std_ms": 1.1175037886240593,
        "p50_ms": 20.918084000186354,
        "p95_ms": 24.1791875002491,
        "p99_ms": 24.25761090029482,
        "throughput_imgs": 1492.9824826396432
      }
    },
    "top1": 0.9938630490956072,
    "f1_macro": 0.9936556471665106,
    "f1_weighted": 0.9938550302644253,
    "per_class_report": "                                             precision    recall  f1-score   support\n\n              Pepper__bell___Bacterial_spot     1.0000    1.0000    1.0000       149\n                     Pepper__bell___healthy     0.9955    1.0000    0.9978       222\n                      Potato___Early_blight     1.0000    1.0000    1.0000       150\n                       Potato___Late_blight     1.0000    1.0000    1.0000       150\n                           Potato___healthy     1.0000    1.0000    1.0000        23\n                      Tomato_Bacterial_spot     0.9969    1.0000    0.9984       319\n                        Tomato_Early_blight     0.9863    0.9600    0.9730       150\n                         Tomato_Late_blight     0.9930    0.9860    0.9895       286\n                           Tomato_Leaf_Mold     1.0000    1.0000    1.0000       143\n                  Tomato_Septoria_leaf_spot     1.0000    0.9962    0.9981       266\nTomato_Spider_mites_Two_spotted_spider_mite     0.9959    0.9721    0.9839       251\n                        Tomato__Target_Spot     0.9635    1.0000    0.9814       211\n      Tomato__Tomato_YellowLeaf__Curl_Virus     1.0000    1.0000    1.0000       481\n                Tomato__Tomato_mosaic_virus     0.9825    1.0000    0.9912        56\n                             Tomato_healthy     0.9876    0.9958    0.9917       239\n\n                                   accuracy                         0.9939      3096\n                                  macro avg     0.9934    0.9940    0.9937      3096\n                               weighted avg     0.9939    0.9939    0.9939      3096\n",
    "nonzero_params": 3352392
  },
  "baseline": {
    "arch": "resnet18",
    "weights": "/home/bruno/Downloads/ModelCompressionResearch/output/best_model.pth",
    "params_total": 11174607,
    "params_trainable": 0,
    "buffers": 9620,
    "macs": 1813569024,
    "flops": 3627138048,
    "file_size_mb": 64.75315475463867,
    "fp32_size_mb": 42.627742767333984,
    "fp16_size_mb": 21.313871383666992,
    "int8_size_mb": 10.656935691833496,
    "latencies": {
      "1": {
        "mean_ms": 1.7355841200696887,
        "std_ms": 0.15292098799582937,
        "p50_ms": 1.6675340002620942,
        "p95_ms": 2.086604949181492,
        "p99_ms": 2.2030269012429926,
        "throughput_imgs": 576.174896068908
      },
      "32": {
        "mean_ms": 20.824163500001305,
        "std_ms": 0.26206971749419933,
        "p50_ms": 20.82710499962559,
        "p95_ms": 21.22057949900409,
        "p99_ms": 21.39735080039827,
        "throughput_imgs": 1536.6763711780304
      }
    },
    "top1": 0.9958010335917312,
    "f1_macro": 0.9959944388056144,
    "f1_weighted": 0.9958006511148225,
    "per_class_report": "                                             precision    recall  f1-score   support\n\n              Pepper__bell___Bacterial_spot     1.0000    1.0000    1.0000       149\n                     Pepper__bell___healthy     0.9955    1.0000    0.9978       222\n                      Potato___Early_blight     1.0000    1.0000    1.0000       150\n                       Potato___Late_blight     1.0000    0.9933    0.9967       150\n                           Potato___healthy     1.0000    1.0000    1.0000        23\n                      Tomato_Bacterial_spot     0.9969    1.0000    0.9984       319\n                        Tomato_Early_blight     0.9800    0.9800    0.9800       150\n                         Tomato_Late_blight     0.9930    0.9860    0.9895       286\n                           Tomato_Leaf_Mold     1.0000    1.0000    1.0000       143\n                  Tomato_Septoria_leaf_spot     1.0000    0.9925    0.9962       266\nTomato_Spider_mites_Two_spotted_spider_mite     0.9921    1.0000    0.9960       251\n                        Tomato__Target_Spot     0.9859    0.9953    0.9906       211\n      Tomato__Tomato_YellowLeaf__Curl_Virus     1.0000    0.9979    0.9990       481\n                Tomato__Tomato_mosaic_virus     1.0000    1.0000    1.0000        56\n                             Tomato_healthy     0.9958    0.9958    0.9958       239\n\n                                   accuracy                         0.9958      3096\n                                  macro avg     0.9959    0.9961    0.9960      3096\n                               weighted avg     0.9958    0.9958    0.9958      3096\n",
    "nonzero_params": 11174607
  }
}