{
  "target": {
    "arch": "resnet18",
    "weights": "/home/bruno/Downloads/ModelCompressionResearchCopia/output/Bruno/Modelos/prunning/unstructured/pruned_unstructured_95_finetuned.pth.gz",
    "params_total": 11174607,
    "params_trainable": 0,
    "buffers": 9620,
    "macs": 1813569024,
    "flops": 3627138048,
    "file_size_mb": 2.866328239440918,
    "fp32_size_mb": 42.627742767333984,
    "fp16_size_mb": 21.313871383666992,
    "int8_size_mb": 10.656935691833496,
    "latencies": {
      "1": {
        "mean_ms": 12.743376341823023,
        "std_ms": 0.4480184803360045,
        "p50_ms": 12.808130006305873,
        "p95_ms": 13.328438955068123,
        "p99_ms": 13.604525597911561,
        "throughput_imgs": 78.47213902943899
      },
      "32": {
        "mean_ms": 490.7303847192088,
        "std_ms": 23.989411973398553,
        "p50_ms": 498.26546049735043,
        "p95_ms": 523.007820249768,
        "p99_ms": 527.9701089306036,
        "throughput_imgs": 65.20892326304615
      }
    },
    "top1": 0.9111757105943152,
    "f1_macro": 0.9054158476394324,
    "f1_weighted": 0.9122530191644557,
    "per_class_report": "                                             precision    recall  f1-score   support\n\n              Pepper__bell___Bacterial_spot     0.9728    0.9597    0.9662       149\n                     Pepper__bell___healthy     0.9866    0.9955    0.9910       222\n                      Potato___Early_blight     0.9545    0.9800    0.9671       150\n                       Potato___Late_blight     0.9177    0.9667    0.9416       150\n                           Potato___healthy     1.0000    0.8696    0.9302        23\n                      Tomato_Bacterial_spot     0.9903    0.9561    0.9729       319\n                        Tomato_Early_blight     0.9174    0.7400    0.8192       150\n                         Tomato_Late_blight     0.9515    0.8916    0.9206       286\n                           Tomato_Leaf_Mold     0.9841    0.8671    0.9219       143\n                  Tomato_Septoria_leaf_spot     0.8929    0.9398    0.9158       266\nTomato_Spider_mites_Two_spotted_spider_mite     0.9268    0.7570    0.8333       251\n                        Tomato__Target_Spot     0.8278    0.7062    0.7621       211\n      Tomato__Tomato_YellowLeaf__Curl_Virus     0.9876    0.9896    0.9886       481\n                Tomato__Tomato_mosaic_virus     0.9038    0.8393    0.8704        56\n                             Tomato_healthy     0.6415    0.9958    0.7803       239\n\n                                   accuracy                         0.9112      3096\n                                  macro avg     0.9237    0.8969    0.9054      3096\n                               weighted avg     0.9231    0.9112    0.9123      3096\n",
    "nonzero_params": 558744
  },
  "baseline": {
    "arch": "resnet18",
    "weights": "/home/bruno/Downloads/ModelCompressionResearchCopia/baseline.pth.gz",
    "params_total": 11174607,
    "params_trainable": 0,
    "buffers": 9620,
    "macs": 1813569024,
    "flops": 3627138048,
    "file_size_mb": 42.116960525512695,
    "fp32_size_mb": 42.627742767333984,
    "fp16_size_mb": 21.313871383666992,
    "int8_size_mb": 10.656935691833496,
    "latencies": {
      "1": {
        "mean_ms": 15.236841960286256,
        "std_ms": 0.9346066960189214,
        "p50_ms": 15.162077492277604,
        "p95_ms": 16.810900598648004,
        "p99_ms": 17.695510922203535,
        "throughput_imgs": 65.63039786108098
      },
      "32": {
        "mean_ms": 478.81677757948637,
        "std_ms": 29.451399834209106,
        "p50_ms": 472.9672164976364,
        "p95_ms": 524.0475525482907,
        "p99_ms": 526.5027518641728,
        "throughput_imgs": 66.83140921202957
      }
    },
    "top1": 0.9958010335917312,
    "f1_macro": 0.9959944388056144,
    "f1_weighted": 0.9958006511148225,
    "per_class_report": "                                             precision    recall  f1-score   support\n\n              Pepper__bell___Bacterial_spot     1.0000    1.0000    1.0000       149\n                     Pepper__bell___healthy     0.9955    1.0000    0.9978       222\n                      Potato___Early_blight     1.0000    1.0000    1.0000       150\n                       Potato___Late_blight     1.0000    0.9933    0.9967       150\n                           Potato___healthy     1.0000    1.0000    1.0000        23\n                      Tomato_Bacterial_spot     0.9969    1.0000    0.9984       319\n                        Tomato_Early_blight     0.9800    0.9800    0.9800       150\n                         Tomato_Late_blight     0.9930    0.9860    0.9895       286\n                           Tomato_Leaf_Mold     1.0000    1.0000    1.0000       143\n                  Tomato_Septoria_leaf_spot     1.0000    0.9925    0.9962       266\nTomato_Spider_mites_Two_spotted_spider_mite     0.9921    1.0000    0.9960       251\n                        Tomato__Target_Spot     0.9859    0.9953    0.9906       211\n      Tomato__Tomato_YellowLeaf__Curl_Virus     1.0000    0.9979    0.9990       481\n                Tomato__Tomato_mosaic_virus     1.0000    1.0000    1.0000        56\n                             Tomato_healthy     0.9958    0.9958    0.9958       239\n\n                                   accuracy                         0.9958      3096\n                                  macro avg     0.9959    0.9961    0.9960      3096\n                               weighted avg     0.9958    0.9958    0.9958      3096\n",
    "nonzero_params": 11174607
  }
}