{
  "target": {
    "arch": "resnet18",
    "weights": "/home/bruno/Downloads/ModelCompressionResearchCopia/output/Bruno/Modelos/prunning/unstructured/pruned_unstructured_75_finetuned.pth.gz",
    "params_total": 11174607,
    "params_trainable": 0,
    "buffers": 9620,
    "macs": 1813569024,
    "flops": 3627138048,
    "file_size_mb": 12.814903259277344,
    "fp32_size_mb": 42.627742767333984,
    "fp16_size_mb": 21.313871383666992,
    "int8_size_mb": 10.656935691833496,
    "latencies": {
      "1": {
        "mean_ms": 1.8040437999843562,
        "std_ms": 0.11677149686387182,
        "p50_ms": 1.7583369999556453,
        "p95_ms": 2.0194885000023532,
        "p99_ms": 2.1615190199349854,
        "throughput_imgs": 554.310266751102
      },
      "32": {
        "mean_ms": 19.534293480000997,
        "std_ms": 0.47004216982650066,
        "p50_ms": 19.495459000040682,
        "p95_ms": 20.501743399938732,
        "p99_ms": 21.054916779889936,
        "throughput_imgs": 1638.144734170256
      }
    },
    "top1": 0.9932170542635659,
    "f1_macro": 0.9931402659021876,
    "f1_weighted": 0.9931996536003893,
    "per_class_report": "                                             precision    recall  f1-score   support\n\n              Pepper__bell___Bacterial_spot     1.0000    1.0000    1.0000       149\n                     Pepper__bell___healthy     0.9955    1.0000    0.9978       222\n                      Potato___Early_blight     0.9934    1.0000    0.9967       150\n                       Potato___Late_blight     1.0000    0.9933    0.9967       150\n                           Potato___healthy     1.0000    1.0000    1.0000        23\n                      Tomato_Bacterial_spot     0.9938    1.0000    0.9969       319\n                        Tomato_Early_blight     0.9865    0.9733    0.9799       150\n                         Tomato_Late_blight     0.9965    0.9930    0.9947       286\n                           Tomato_Leaf_Mold     1.0000    1.0000    1.0000       143\n                  Tomato_Septoria_leaf_spot     0.9963    1.0000    0.9981       266\nTomato_Spider_mites_Two_spotted_spider_mite     0.9959    0.9562    0.9756       251\n                        Tomato__Target_Spot     0.9633    0.9953    0.9790       211\n      Tomato__Tomato_YellowLeaf__Curl_Virus     1.0000    0.9979    0.9990       481\n                Tomato__Tomato_mosaic_virus     0.9825    1.0000    0.9912        56\n                             Tomato_healthy     0.9876    0.9958    0.9917       239\n\n                                   accuracy                         0.9932      3096\n                                  macro avg     0.9927    0.9937    0.9931      3096\n                               weighted avg     0.9933    0.9932    0.9932      3096\n",
    "nonzero_params": 2793663
  },
  "baseline": {
    "arch": "resnet18",
    "weights": "/home/bruno/Downloads/ModelCompressionResearchCopia/baseline.pth.gz",
    "params_total": 11174607,
    "params_trainable": 0,
    "buffers": 9620,
    "macs": 1813569024,
    "flops": 3627138048,
    "file_size_mb": 42.116960525512695,
    "fp32_size_mb": 42.627742767333984,
    "fp16_size_mb": 21.313871383666992,
    "int8_size_mb": 10.656935691833496,
    "latencies": {
      "1": {
        "mean_ms": 2.5611291399764013,
        "std_ms": 0.4786903561593248,
        "p50_ms": 2.541365500064785,
        "p95_ms": 3.2736725000063416,
        "p99_ms": 3.610429729926636,
        "throughput_imgs": 390.45278287264114
      },
      "32": {
        "mean_ms": 20.098373539985914,
        "std_ms": 0.6028751770507177,
        "p50_ms": 20.091753499968945,
        "p95_ms": 21.1220715000195,
        "p99_ms": 21.192355619928094,
        "throughput_imgs": 1592.1686367474304
      }
    },
    "top1": 0.9958010335917312,
    "f1_macro": 0.9959944388056144,
    "f1_weighted": 0.9958006511148225,
    "per_class_report": "                                             precision    recall  f1-score   support\n\n              Pepper__bell___Bacterial_spot     1.0000    1.0000    1.0000       149\n                     Pepper__bell___healthy     0.9955    1.0000    0.9978       222\n                      Potato___Early_blight     1.0000    1.0000    1.0000       150\n                       Potato___Late_blight     1.0000    0.9933    0.9967       150\n                           Potato___healthy     1.0000    1.0000    1.0000        23\n                      Tomato_Bacterial_spot     0.9969    1.0000    0.9984       319\n                        Tomato_Early_blight     0.9800    0.9800    0.9800       150\n                         Tomato_Late_blight     0.9930    0.9860    0.9895       286\n                           Tomato_Leaf_Mold     1.0000    1.0000    1.0000       143\n                  Tomato_Septoria_leaf_spot     1.0000    0.9925    0.9962       266\nTomato_Spider_mites_Two_spotted_spider_mite     0.9921    1.0000    0.9960       251\n                        Tomato__Target_Spot     0.9859    0.9953    0.9906       211\n      Tomato__Tomato_YellowLeaf__Curl_Virus     1.0000    0.9979    0.9990       481\n                Tomato__Tomato_mosaic_virus     1.0000    1.0000    1.0000        56\n                             Tomato_healthy     0.9958    0.9958    0.9958       239\n\n                                   accuracy                         0.9958      3096\n                                  macro avg     0.9959    0.9961    0.9960      3096\n                               weighted avg     0.9958    0.9958    0.9958      3096\n",
    "nonzero_params": 11174607
  }
}