{
  "target": {
    "arch": "resnet18",
    "weights": "/home/bruno/Downloads/ModelCompressionResearchCopia/output/Bruno/Modelos/prunning/unstructured/pruned_unstructured_95_finetuned.pth.gz",
    "params_total": 11174607,
    "params_trainable": 0,
    "buffers": 9620,
    "macs": 1813569024,
    "flops": 3627138048,
    "file_size_mb": 2.866328239440918,
    "fp32_size_mb": 42.627742767333984,
    "fp16_size_mb": 21.313871383666992,
    "int8_size_mb": 10.656935691833496,
    "latencies": {
      "1": {
        "mean_ms": 1.781982559991775,
        "std_ms": 0.14608802205630522,
        "p50_ms": 1.7220025000597161,
        "p95_ms": 2.052653649991498,
        "p99_ms": 2.1737241099299354,
        "throughput_imgs": 561.1727198972226
      },
      "32": {
        "mean_ms": 20.377822200016453,
        "std_ms": 0.36906378519819233,
        "p50_ms": 20.379180500071925,
        "p95_ms": 21.03514355006837,
        "p99_ms": 21.190693629962425,
        "throughput_imgs": 1570.3346356596517
      }
    },
    "top1": 0.9108527131782945,
    "f1_macro": 0.9050210103187847,
    "f1_weighted": 0.9118815088753863,
    "per_class_report": "                                             precision    recall  f1-score   support\n\n              Pepper__bell___Bacterial_spot     0.9728    0.9597    0.9662       149\n                     Pepper__bell___healthy     0.9866    0.9955    0.9910       222\n                      Potato___Early_blight     0.9545    0.9800    0.9671       150\n                       Potato___Late_blight     0.9177    0.9667    0.9416       150\n                           Potato___healthy     1.0000    0.8696    0.9302        23\n                      Tomato_Bacterial_spot     0.9871    0.9561    0.9713       319\n                        Tomato_Early_blight     0.9167    0.7333    0.8148       150\n                         Tomato_Late_blight     0.9515    0.8916    0.9206       286\n                           Tomato_Leaf_Mold     0.9841    0.8671    0.9219       143\n                  Tomato_Septoria_leaf_spot     0.8929    0.9398    0.9158       266\nTomato_Spider_mites_Two_spotted_spider_mite     0.9268    0.7570    0.8333       251\n                        Tomato__Target_Spot     0.8278    0.7062    0.7621       211\n      Tomato__Tomato_YellowLeaf__Curl_Virus     0.9876    0.9896    0.9886       481\n                Tomato__Tomato_mosaic_virus     0.9038    0.8393    0.8704        56\n                             Tomato_healthy     0.6415    0.9958    0.7803       239\n\n                                   accuracy                         0.9109      3096\n                                  macro avg     0.9234    0.8965    0.9050      3096\n                               weighted avg     0.9227    0.9109    0.9119      3096\n",
    "nonzero_params": 558744
  },
  "baseline": {
    "arch": "resnet18",
    "weights": "/home/bruno/Downloads/ModelCompressionResearchCopia/baseline.pth.gz",
    "params_total": 11174607,
    "params_trainable": 0,
    "buffers": 9620,
    "macs": 1813569024,
    "flops": 3627138048,
    "file_size_mb": 42.116960525512695,
    "fp32_size_mb": 42.627742767333984,
    "fp16_size_mb": 21.313871383666992,
    "int8_size_mb": 10.656935691833496,
    "latencies": {
      "1": {
        "mean_ms": 1.8585986000107368,
        "std_ms": 0.2861609979476887,
        "p50_ms": 1.7213835001257394,
        "p95_ms": 2.405941250083287,
        "p99_ms": 2.8546849400186143,
        "throughput_imgs": 538.0397897610723
      },
      "32": {
        "mean_ms": 22.37734405999163,
        "std_ms": 2.5390268809024144,
        "p50_ms": 21.054108500038637,
        "p95_ms": 28.425207150030474,
        "p99_ms": 28.75770450994196,
        "throughput_imgs": 1430.0177855875525
      }
    },
    "top1": 0.9958010335917312,
    "f1_macro": 0.9959944388056144,
    "f1_weighted": 0.9958006511148225,
    "per_class_report": "                                             precision    recall  f1-score   support\n\n              Pepper__bell___Bacterial_spot     1.0000    1.0000    1.0000       149\n                     Pepper__bell___healthy     0.9955    1.0000    0.9978       222\n                      Potato___Early_blight     1.0000    1.0000    1.0000       150\n                       Potato___Late_blight     1.0000    0.9933    0.9967       150\n                           Potato___healthy     1.0000    1.0000    1.0000        23\n                      Tomato_Bacterial_spot     0.9969    1.0000    0.9984       319\n                        Tomato_Early_blight     0.9800    0.9800    0.9800       150\n                         Tomato_Late_blight     0.9930    0.9860    0.9895       286\n                           Tomato_Leaf_Mold     1.0000    1.0000    1.0000       143\n                  Tomato_Septoria_leaf_spot     1.0000    0.9925    0.9962       266\nTomato_Spider_mites_Two_spotted_spider_mite     0.9921    1.0000    0.9960       251\n                        Tomato__Target_Spot     0.9859    0.9953    0.9906       211\n      Tomato__Tomato_YellowLeaf__Curl_Virus     1.0000    0.9979    0.9990       481\n                Tomato__Tomato_mosaic_virus     1.0000    1.0000    1.0000        56\n                             Tomato_healthy     0.9958    0.9958    0.9958       239\n\n                                   accuracy                         0.9958      3096\n                                  macro avg     0.9959    0.9961    0.9960      3096\n                               weighted avg     0.9958    0.9958    0.9958      3096\n",
    "nonzero_params": 11174607
  }
}