{
  "target": {
    "arch": "pruned_unstructured_80_finetuned",
    "weights": "/home/bruno/Downloads/ModelCompressionResearch/output/Bruno/Modelos/prunning/unstructured/pruned_unstructured_80_finetuned.pth.gz",
    "params_total": 11174607,
    "params_trainable": 0,
    "buffers": 9620,
    "macs": 1813569024,
    "flops": 3627138048,
    "file_size_mb": 10.422861099243164,
    "fp32_size_mb": 42.627742767333984,
    "fp16_size_mb": 21.313871383666992,
    "int8_size_mb": 10.656935691833496,
    "latencies": {
      "1": {
        "mean_ms": 1.887011280086881,
        "std_ms": 0.207043139071159,
        "p50_ms": 1.7751454997778637,
        "p95_ms": 2.3264285004188423,
        "p99_ms": 2.353375510429032,
        "throughput_imgs": 529.9385385517984
      },
      "32": {
        "mean_ms": 21.03331156024069,
        "std_ms": 0.18321940420332705,
        "p50_ms": 21.001805500418413,
        "p95_ms": 21.393224500570795,
        "p99_ms": 21.524616399728984,
        "throughput_imgs": 1521.3961866323352
      }
    },
    "top1": 0.9912790697674418,
    "f1_macro": 0.9909744956376942,
    "f1_weighted": 0.991238942473988,
    "per_class_report": "                                             precision    recall  f1-score   support\n\n              Pepper__bell___Bacterial_spot     1.0000    1.0000    1.0000       149\n                     Pepper__bell___healthy     0.9955    1.0000    0.9978       222\n                      Potato___Early_blight     0.9934    1.0000    0.9967       150\n                       Potato___Late_blight     1.0000    0.9933    0.9967       150\n                           Potato___healthy     1.0000    1.0000    1.0000        23\n                      Tomato_Bacterial_spot     0.9969    1.0000    0.9984       319\n                        Tomato_Early_blight     0.9861    0.9467    0.9660       150\n                         Tomato_Late_blight     0.9930    0.9895    0.9912       286\n                           Tomato_Leaf_Mold     1.0000    0.9930    0.9965       143\n                  Tomato_Septoria_leaf_spot     0.9888    1.0000    0.9944       266\nTomato_Spider_mites_Two_spotted_spider_mite     0.9958    0.9482    0.9714       251\n                        Tomato__Target_Spot     0.9548    1.0000    0.9769       211\n      Tomato__Tomato_YellowLeaf__Curl_Virus     1.0000    1.0000    1.0000       481\n                Tomato__Tomato_mosaic_virus     0.9825    1.0000    0.9912        56\n                             Tomato_healthy     0.9794    0.9958    0.9876       239\n\n                                   accuracy                         0.9913      3096\n                                  macro avg     0.9911    0.9911    0.9910      3096\n                               weighted avg     0.9914    0.9913    0.9912      3096\n",
    "nonzero_params": 2234934
  },
  "baseline": {
    "arch": "resnet18",
    "weights": "/home/bruno/Downloads/ModelCompressionResearch/output/best_model.pth",
    "params_total": 11174607,
    "params_trainable": 0,
    "buffers": 9620,
    "macs": 1813569024,
    "flops": 3627138048,
    "file_size_mb": 64.75315475463867,
    "fp32_size_mb": 42.627742767333984,
    "fp16_size_mb": 21.313871383666992,
    "int8_size_mb": 10.656935691833496,
    "latencies": {
      "1": {
        "mean_ms": 1.9303046198183438,
        "std_ms": 0.2732160999681935,
        "p50_ms": 1.8818504995579133,
        "p95_ms": 2.363861000958422,
        "p99_ms": 2.7697297905615406,
        "throughput_imgs": 518.0529486035772
      },
      "32": {
        "mean_ms": 21.08119100001204,
        "std_ms": 0.2099716939573466,
        "p50_ms": 21.03200100009417,
        "p95_ms": 21.449427998868487,
        "p99_ms": 21.530425999899307,
        "throughput_imgs": 1517.9408032488166
      }
    },
    "top1": 0.9958010335917312,
    "f1_macro": 0.9959944388056144,
    "f1_weighted": 0.9958006511148225,
    "per_class_report": "                                             precision    recall  f1-score   support\n\n              Pepper__bell___Bacterial_spot     1.0000    1.0000    1.0000       149\n                     Pepper__bell___healthy     0.9955    1.0000    0.9978       222\n                      Potato___Early_blight     1.0000    1.0000    1.0000       150\n                       Potato___Late_blight     1.0000    0.9933    0.9967       150\n                           Potato___healthy     1.0000    1.0000    1.0000        23\n                      Tomato_Bacterial_spot     0.9969    1.0000    0.9984       319\n                        Tomato_Early_blight     0.9800    0.9800    0.9800       150\n                         Tomato_Late_blight     0.9930    0.9860    0.9895       286\n                           Tomato_Leaf_Mold     1.0000    1.0000    1.0000       143\n                  Tomato_Septoria_leaf_spot     1.0000    0.9925    0.9962       266\nTomato_Spider_mites_Two_spotted_spider_mite     0.9921    1.0000    0.9960       251\n                        Tomato__Target_Spot     0.9859    0.9953    0.9906       211\n      Tomato__Tomato_YellowLeaf__Curl_Virus     1.0000    0.9979    0.9990       481\n                Tomato__Tomato_mosaic_virus     1.0000    1.0000    1.0000        56\n                             Tomato_healthy     0.9958    0.9958    0.9958       239\n\n                                   accuracy                         0.9958      3096\n                                  macro avg     0.9959    0.9961    0.9960      3096\n                               weighted avg     0.9958    0.9958    0.9958      3096\n",
    "nonzero_params": 11174607
  }
}