{
  "target": {
    "arch": "resnet18",
    "weights": "/home/bruno/Downloads/ModelCompressionResearchCopia/output/Bruno/Modelos/prunning/iterative/pruned_iterative_60.pth.gz",
    "params_total": 11174607,
    "params_trainable": 0,
    "buffers": 9620,
    "macs": 1813569024,
    "flops": 3627138048,
    "file_size_mb": 3.5823774337768555,
    "fp32_size_mb": 42.627742767333984,
    "fp16_size_mb": 21.313871383666992,
    "int8_size_mb": 10.656935691833496,
    "latencies": {
      "1": {
        "mean_ms": 1.6750490419242694,
        "std_ms": 0.0904238368536652,
        "p50_ms": 1.6343040466308594,
        "p95_ms": 1.9118080139160156,
        "p99_ms": 2.0266597747802737,
        "throughput_imgs": 596.997446027739
      },
      "32": {
        "mean_ms": 18.795825746324326,
        "std_ms": 0.26637810804155715,
        "p50_ms": 18.79910373687744,
        "p95_ms": 19.61016273498535,
        "p99_ms": 20.29449266433716,
        "throughput_imgs": 1702.5056750304177
      }
    },
    "top1": 0.9680232558139535,
    "f1_macro": 0.9629403007463281,
    "f1_weighted": 0.9679437945045214,
    "per_class_report": "                                             precision    recall  f1-score   support\n\n              Pepper__bell___Bacterial_spot     0.9933    1.0000    0.9967       149\n                     Pepper__bell___healthy     0.9911    1.0000    0.9955       222\n                      Potato___Early_blight     0.9801    0.9867    0.9834       150\n                       Potato___Late_blight     0.9932    0.9800    0.9866       150\n                           Potato___healthy     0.9545    0.9130    0.9333        23\n                      Tomato_Bacterial_spot     0.9968    0.9812    0.9889       319\n                        Tomato_Early_blight     0.9517    0.9200    0.9356       150\n                         Tomato_Late_blight     0.9647    0.9545    0.9596       286\n                           Tomato_Leaf_Mold     0.9926    0.9371    0.9640       143\n                  Tomato_Septoria_leaf_spot     0.9564    0.9887    0.9723       266\nTomato_Spider_mites_Two_spotted_spider_mite     0.9560    0.9522    0.9541       251\n                        Tomato__Target_Spot     0.9674    0.8436    0.9013       211\n      Tomato__Tomato_YellowLeaf__Curl_Virus     0.9979    0.9938    0.9958       481\n                Tomato__Tomato_mosaic_virus     0.9032    1.0000    0.9492        56\n                             Tomato_healthy     0.8686    0.9958    0.9279       239\n\n                                   accuracy                         0.9680      3096\n                                  macro avg     0.9645    0.9631    0.9629      3096\n                               weighted avg     0.9694    0.9680    0.9679      3096\n",
    "nonzero_params": 715188
  },
  "baseline": {
    "arch": "resnet18",
    "weights": "baseline.pth.gz",
    "params_total": 11174607,
    "params_trainable": 0,
    "buffers": 9620,
    "macs": 1813569024,
    "flops": 3627138048,
    "file_size_mb": 42.116960525512695,
    "fp32_size_mb": 42.627742767333984,
    "fp16_size_mb": 21.313871383666992,
    "int8_size_mb": 10.656935691833496,
    "latencies": {
      "1": {
        "mean_ms": 1.8226479160916673,
        "std_ms": 0.20409961075356017,
        "p50_ms": 1.804800033569336,
        "p95_ms": 2.2228991985321045,
        "p99_ms": 2.527272891998291,
        "throughput_imgs": 548.6523157716142
      },
      "32": {
        "mean_ms": 19.86257072024875,
        "std_ms": 0.6659035459457607,
        "p50_ms": 19.900928497314453,
        "p95_ms": 21.10064563751221,
        "p99_ms": 21.54107557296753,
        "throughput_imgs": 1611.070412319682
      }
    },
    "top1": 0.9958010335917312,
    "f1_macro": 0.9959944388056144,
    "f1_weighted": 0.9958006511148225,
    "per_class_report": "                                             precision    recall  f1-score   support\n\n              Pepper__bell___Bacterial_spot     1.0000    1.0000    1.0000       149\n                     Pepper__bell___healthy     0.9955    1.0000    0.9978       222\n                      Potato___Early_blight     1.0000    1.0000    1.0000       150\n                       Potato___Late_blight     1.0000    0.9933    0.9967       150\n                           Potato___healthy     1.0000    1.0000    1.0000        23\n                      Tomato_Bacterial_spot     0.9969    1.0000    0.9984       319\n                        Tomato_Early_blight     0.9800    0.9800    0.9800       150\n                         Tomato_Late_blight     0.9930    0.9860    0.9895       286\n                           Tomato_Leaf_Mold     1.0000    1.0000    1.0000       143\n                  Tomato_Septoria_leaf_spot     1.0000    0.9925    0.9962       266\nTomato_Spider_mites_Two_spotted_spider_mite     0.9921    1.0000    0.9960       251\n                        Tomato__Target_Spot     0.9859    0.9953    0.9906       211\n      Tomato__Tomato_YellowLeaf__Curl_Virus     1.0000    0.9979    0.9990       481\n                Tomato__Tomato_mosaic_virus     1.0000    1.0000    1.0000        56\n                             Tomato_healthy     0.9958    0.9958    0.9958       239\n\n                                   accuracy                         0.9958      3096\n                                  macro avg     0.9959    0.9961    0.9960      3096\n                               weighted avg     0.9958    0.9958    0.9958      3096\n",
    "nonzero_params": 11174607
  }
}