{
  "target": {
    "arch": "pruned_iterative_80",
    "weights": "/home/bruno/Downloads/ModelCompressionResearch/output/Bruno/Modelos/prunning/iterative/pruned_iterative_80.pth.gz",
    "params_total": 11174607,
    "params_trainable": 0,
    "buffers": 9620,
    "macs": 1813569024,
    "flops": 3627138048,
    "file_size_mb": 0.5614509582519531,
    "fp32_size_mb": 42.627742767333984,
    "fp16_size_mb": 21.313871383666992,
    "int8_size_mb": 10.656935691833496,
    "latencies": {
      "1": {
        "mean_ms": 1.772834879993752,
        "std_ms": 0.14512782191723553,
        "p50_ms": 1.7132010002569587,
        "p95_ms": 2.0542305496746844,
        "p99_ms": 2.1935597001629503,
        "throughput_imgs": 564.0683242894703
      },
      "32": {
        "mean_ms": 20.882298779979465,
        "std_ms": 0.1500354929895964,
        "p50_ms": 20.875643999715976,
        "p95_ms": 21.142757500274456,
        "p99_ms": 21.28022061008778,
        "throughput_imgs": 1532.398340678826
      }
    },
    "top1": 0.38016795865633074,
    "f1_macro": 0.2535320110077097,
    "f1_weighted": 0.34550171224218873,
    "per_class_report": "                                             precision    recall  f1-score   support\n\n              Pepper__bell___Bacterial_spot     0.5000    0.0067    0.0132       149\n                     Pepper__bell___healthy     0.4881    0.6486    0.5571       222\n                      Potato___Early_blight     0.6222    0.3733    0.4667       150\n                       Potato___Late_blight     0.6667    0.0267    0.0513       150\n                           Potato___healthy     0.0000    0.0000    0.0000        23\n                      Tomato_Bacterial_spot     0.6895    0.5987    0.6409       319\n                        Tomato_Early_blight     0.2376    0.2867    0.2598       150\n                         Tomato_Late_blight     1.0000    0.0594    0.1122       286\n                           Tomato_Leaf_Mold     0.0000    0.0000    0.0000       143\n                  Tomato_Septoria_leaf_spot     0.2713    0.3947    0.3216       266\nTomato_Spider_mites_Two_spotted_spider_mite     0.1843    0.5418    0.2750       251\n                        Tomato__Target_Spot     0.0526    0.0142    0.0224       211\n      Tomato__Tomato_YellowLeaf__Curl_Virus     0.7904    0.6507    0.7138       481\n                Tomato__Tomato_mosaic_virus     0.0000    0.0000    0.0000        56\n                             Tomato_healthy     0.2523    0.6862    0.3690       239\n\n                                   accuracy                         0.3802      3096\n                                  macro avg     0.3837    0.2859    0.2535      3096\n                               weighted avg     0.4806    0.3802    0.3455      3096\n",
    "nonzero_params": 89413
  },
  "baseline": {
    "arch": "resnet18",
    "weights": "/home/bruno/Downloads/ModelCompressionResearch/output/best_model.pth",
    "params_total": 11174607,
    "params_trainable": 0,
    "buffers": 9620,
    "macs": 1813569024,
    "flops": 3627138048,
    "file_size_mb": 64.75315475463867,
    "fp32_size_mb": 42.627742767333984,
    "fp16_size_mb": 21.313871383666992,
    "int8_size_mb": 10.656935691833496,
    "latencies": {
      "1": {
        "mean_ms": 1.8076849799581396,
        "std_ms": 0.17817601845099523,
        "p50_ms": 1.730250999571581,
        "p95_ms": 2.1408339499885183,
        "p99_ms": 2.254621710098945,
        "throughput_imgs": 553.1937318100397
      },
      "32": {
        "mean_ms": 21.088544059984997,
        "std_ms": 0.49907019472963593,
        "p50_ms": 21.02450949996637,
        "p95_ms": 21.382925500074634,
        "p99_ms": 23.072294790290467,
        "throughput_imgs": 1517.4115343846438
      }
    },
    "top1": 0.9958010335917312,
    "f1_macro": 0.9959944388056144,
    "f1_weighted": 0.9958006511148225,
    "per_class_report": "                                             precision    recall  f1-score   support\n\n              Pepper__bell___Bacterial_spot     1.0000    1.0000    1.0000       149\n                     Pepper__bell___healthy     0.9955    1.0000    0.9978       222\n                      Potato___Early_blight     1.0000    1.0000    1.0000       150\n                       Potato___Late_blight     1.0000    0.9933    0.9967       150\n                           Potato___healthy     1.0000    1.0000    1.0000        23\n                      Tomato_Bacterial_spot     0.9969    1.0000    0.9984       319\n                        Tomato_Early_blight     0.9800    0.9800    0.9800       150\n                         Tomato_Late_blight     0.9930    0.9860    0.9895       286\n                           Tomato_Leaf_Mold     1.0000    1.0000    1.0000       143\n                  Tomato_Septoria_leaf_spot     1.0000    0.9925    0.9962       266\nTomato_Spider_mites_Two_spotted_spider_mite     0.9921    1.0000    0.9960       251\n                        Tomato__Target_Spot     0.9859    0.9953    0.9906       211\n      Tomato__Tomato_YellowLeaf__Curl_Virus     1.0000    0.9979    0.9990       481\n                Tomato__Tomato_mosaic_virus     1.0000    1.0000    1.0000        56\n                             Tomato_healthy     0.9958    0.9958    0.9958       239\n\n                                   accuracy                         0.9958      3096\n                                  macro avg     0.9959    0.9961    0.9960      3096\n                               weighted avg     0.9958    0.9958    0.9958      3096\n",
    "nonzero_params": 11174607
  }
}