{
  "target": {
    "arch": "pruned_iterative_90",
    "weights": "/home/bruno/Downloads/ModelCompressionResearch/output/Bruno/Modelos/prunning/iterative/pruned_iterative_90.pth.gz",
    "params_total": 11174607,
    "params_trainable": 0,
    "buffers": 9620,
    "macs": 1813569024,
    "flops": 3627138048,
    "file_size_mb": 0.13926315307617188,
    "fp32_size_mb": 42.627742767333984,
    "fp16_size_mb": 21.313871383666992,
    "int8_size_mb": 10.656935691833496,
    "latencies": {
      "1": {
        "mean_ms": 1.7665136599862308,
        "std_ms": 0.14016264168392556,
        "p50_ms": 1.7122304998338223,
        "p95_ms": 2.042750550162964,
        "p99_ms": 2.1595637003883894,
        "throughput_imgs": 566.0867632395181
      },
      "32": {
        "mean_ms": 20.851604379950004,
        "std_ms": 0.1410682428870308,
        "p50_ms": 20.860406999872794,
        "p95_ms": 21.076792449775894,
        "p99_ms": 21.15109789959206,
        "throughput_imgs": 1534.6540926495713
      }
    },
    "top1": 0.15536175710594316,
    "f1_macro": 0.017929363526232412,
    "f1_weighted": 0.04178306131840014,
    "per_class_report": "                                             precision    recall  f1-score   support\n\n              Pepper__bell___Bacterial_spot     0.0000    0.0000    0.0000       149\n                     Pepper__bell___healthy     0.0000    0.0000    0.0000       222\n                      Potato___Early_blight     0.0000    0.0000    0.0000       150\n                       Potato___Late_blight     0.0000    0.0000    0.0000       150\n                           Potato___healthy     0.0000    0.0000    0.0000        23\n                      Tomato_Bacterial_spot     0.0000    0.0000    0.0000       319\n                        Tomato_Early_blight     0.0000    0.0000    0.0000       150\n                         Tomato_Late_blight     0.0000    0.0000    0.0000       286\n                           Tomato_Leaf_Mold     0.0000    0.0000    0.0000       143\n                  Tomato_Septoria_leaf_spot     0.0000    0.0000    0.0000       266\nTomato_Spider_mites_Two_spotted_spider_mite     0.0000    0.0000    0.0000       251\n                        Tomato__Target_Spot     0.0000    0.0000    0.0000       211\n      Tomato__Tomato_YellowLeaf__Curl_Virus     0.1554    1.0000    0.2689       481\n                Tomato__Tomato_mosaic_virus     0.0000    0.0000    0.0000        56\n                             Tomato_healthy     0.0000    0.0000    0.0000       239\n\n                                   accuracy                         0.1554      3096\n                                  macro avg     0.0104    0.0667    0.0179      3096\n                               weighted avg     0.0241    0.1554    0.0418      3096\n",
    "nonzero_params": 11189
  },
  "baseline": {
    "arch": "resnet18",
    "weights": "/home/bruno/Downloads/ModelCompressionResearch/output/best_model.pth",
    "params_total": 11174607,
    "params_trainable": 0,
    "buffers": 9620,
    "macs": 1813569024,
    "flops": 3627138048,
    "file_size_mb": 64.75315475463867,
    "fp32_size_mb": 42.627742767333984,
    "fp16_size_mb": 21.313871383666992,
    "int8_size_mb": 10.656935691833496,
    "latencies": {
      "1": {
        "mean_ms": 1.7395149800358922,
        "std_ms": 0.14542824140441,
        "p50_ms": 1.6775805001998378,
        "p95_ms": 2.012138450118073,
        "p99_ms": 2.094954799649713,
        "throughput_imgs": 574.8728878318522
      },
      "32": {
        "mean_ms": 21.012930360084283,
        "std_ms": 0.1724854061622778,
        "p50_ms": 20.99731199996313,
        "p95_ms": 21.197316499819863,
        "p99_ms": 21.497821609755192,
        "throughput_imgs": 1522.87184374753
      }
    },
    "top1": 0.9958010335917312,
    "f1_macro": 0.9959944388056144,
    "f1_weighted": 0.9958006511148225,
    "per_class_report": "                                             precision    recall  f1-score   support\n\n              Pepper__bell___Bacterial_spot     1.0000    1.0000    1.0000       149\n                     Pepper__bell___healthy     0.9955    1.0000    0.9978       222\n                      Potato___Early_blight     1.0000    1.0000    1.0000       150\n                       Potato___Late_blight     1.0000    0.9933    0.9967       150\n                           Potato___healthy     1.0000    1.0000    1.0000        23\n                      Tomato_Bacterial_spot     0.9969    1.0000    0.9984       319\n                        Tomato_Early_blight     0.9800    0.9800    0.9800       150\n                         Tomato_Late_blight     0.9930    0.9860    0.9895       286\n                           Tomato_Leaf_Mold     1.0000    1.0000    1.0000       143\n                  Tomato_Septoria_leaf_spot     1.0000    0.9925    0.9962       266\nTomato_Spider_mites_Two_spotted_spider_mite     0.9921    1.0000    0.9960       251\n                        Tomato__Target_Spot     0.9859    0.9953    0.9906       211\n      Tomato__Tomato_YellowLeaf__Curl_Virus     1.0000    0.9979    0.9990       481\n                Tomato__Tomato_mosaic_virus     1.0000    1.0000    1.0000        56\n                             Tomato_healthy     0.9958    0.9958    0.9958       239\n\n                                   accuracy                         0.9958      3096\n                                  macro avg     0.9959    0.9961    0.9960      3096\n                               weighted avg     0.9958    0.9958    0.9958      3096\n",
    "nonzero_params": 11174607
  }
}