{
  "target": {
    "arch": "resnet18",
    "weights": "/home/bruno/Downloads/ModelCompressionResearchCopia/pruned_iterative_60.pth.gz",
    "params_total": 11174607,
    "params_trainable": 0,
    "buffers": 9620,
    "macs": 1813569024,
    "flops": 3627138048,
    "file_size_mb": 3.5823774337768555,
    "fp32_size_mb": 42.627742767333984,
    "fp16_size_mb": 21.313871383666992,
    "int8_size_mb": 10.656935691833496,
    "latencies": {
      "1": {
        "mean_ms": 21.764861738483887,
        "std_ms": 3.2856597410286903,
        "p50_ms": 21.241467497020494,
        "p95_ms": 28.03404650403536,
        "p99_ms": 29.524311491986733,
        "throughput_imgs": 45.94561693134187
      },
      "32": {
        "mean_ms": 708.828532199841,
        "std_ms": 49.944711673108145,
        "p50_ms": 709.2322859971318,
        "p95_ms": 782.2617217992956,
        "p99_ms": 829.2803877468394,
        "throughput_imgs": 45.14490958862558
      }
    },
    "top1": 0.9677002583979328,
    "f1_macro": 0.9625713786806772,
    "f1_weighted": 0.9676169266300688,
    "per_class_report": "                                             precision    recall  f1-score   support\n\n              Pepper__bell___Bacterial_spot     0.9933    1.0000    0.9967       149\n                     Pepper__bell___healthy     0.9911    1.0000    0.9955       222\n                      Potato___Early_blight     0.9801    0.9867    0.9834       150\n                       Potato___Late_blight     0.9932    0.9800    0.9866       150\n                           Potato___healthy     0.9545    0.9130    0.9333        23\n                      Tomato_Bacterial_spot     0.9968    0.9812    0.9889       319\n                        Tomato_Early_blight     0.9517    0.9200    0.9356       150\n                         Tomato_Late_blight     0.9647    0.9545    0.9596       286\n                           Tomato_Leaf_Mold     0.9925    0.9301    0.9603       143\n                  Tomato_Septoria_leaf_spot     0.9529    0.9887    0.9705       266\nTomato_Spider_mites_Two_spotted_spider_mite     0.9560    0.9522    0.9541       251\n                        Tomato__Target_Spot     0.9674    0.8436    0.9013       211\n      Tomato__Tomato_YellowLeaf__Curl_Virus     0.9979    0.9938    0.9958       481\n                Tomato__Tomato_mosaic_virus     0.9032    1.0000    0.9492        56\n                             Tomato_healthy     0.8686    0.9958    0.9279       239\n\n                                   accuracy                         0.9677      3096\n                                  macro avg     0.9643    0.9626    0.9626      3096\n                               weighted avg     0.9691    0.9677    0.9676      3096\n",
    "nonzero_params": 715188
  },
  "baseline": {
    "arch": "resnet18",
    "weights": "/home/bruno/Downloads/ModelCompressionResearchCopia/baseline.pth.gz",
    "params_total": 11174607,
    "params_trainable": 0,
    "buffers": 9620,
    "macs": 1813569024,
    "flops": 3627138048,
    "file_size_mb": 42.116960525512695,
    "fp32_size_mb": 42.627742767333984,
    "fp16_size_mb": 21.313871383666992,
    "int8_size_mb": 10.656935691833496,
    "latencies": {
      "1": {
        "mean_ms": 17.255374578817282,
        "std_ms": 0.8794024646661407,
        "p50_ms": 17.252083998755552,
        "p95_ms": 18.917958451493178,
        "p99_ms": 19.333486893301597,
        "throughput_imgs": 57.952958101970225
      },
      "32": {
        "mean_ms": 541.672053799557,
        "std_ms": 46.362684340938785,
        "p50_ms": 545.6664339944837,
        "p95_ms": 610.4764188472473,
        "p99_ms": 651.8980583371011,
        "throughput_imgs": 59.07633553463963
      }
    },
    "top1": 0.9958010335917312,
    "f1_macro": 0.9959944388056144,
    "f1_weighted": 0.9958006511148225,
    "per_class_report": "                                             precision    recall  f1-score   support\n\n              Pepper__bell___Bacterial_spot     1.0000    1.0000    1.0000       149\n                     Pepper__bell___healthy     0.9955    1.0000    0.9978       222\n                      Potato___Early_blight     1.0000    1.0000    1.0000       150\n                       Potato___Late_blight     1.0000    0.9933    0.9967       150\n                           Potato___healthy     1.0000    1.0000    1.0000        23\n                      Tomato_Bacterial_spot     0.9969    1.0000    0.9984       319\n                        Tomato_Early_blight     0.9800    0.9800    0.9800       150\n                         Tomato_Late_blight     0.9930    0.9860    0.9895       286\n                           Tomato_Leaf_Mold     1.0000    1.0000    1.0000       143\n                  Tomato_Septoria_leaf_spot     1.0000    0.9925    0.9962       266\nTomato_Spider_mites_Two_spotted_spider_mite     0.9921    1.0000    0.9960       251\n                        Tomato__Target_Spot     0.9859    0.9953    0.9906       211\n      Tomato__Tomato_YellowLeaf__Curl_Virus     1.0000    0.9979    0.9990       481\n                Tomato__Tomato_mosaic_virus     1.0000    1.0000    1.0000        56\n                             Tomato_healthy     0.9958    0.9958    0.9958       239\n\n                                   accuracy                         0.9958      3096\n                                  macro avg     0.9959    0.9961    0.9960      3096\n                               weighted avg     0.9958    0.9958    0.9958      3096\n",
    "nonzero_params": 11174607
  }
}