{
  "target": {
    "arch": "pruned_iterative_70",
    "weights": "/home/bruno/Downloads/ModelCompressionResearch/output/Bruno/Modelos/prunning/iterative/pruned_iterative_70.pth.gz",
    "params_total": 11174607,
    "params_trainable": 0,
    "buffers": 9620,
    "macs": 1813569024,
    "flops": 3627138048,
    "file_size_mb": 1.6196908950805664,
    "fp32_size_mb": 42.627742767333984,
    "fp16_size_mb": 21.313871383666992,
    "int8_size_mb": 10.656935691833496,
    "latencies": {
      "1": {
        "mean_ms": 1.7606742799762287,
        "std_ms": 0.13551241082611554,
        "p50_ms": 1.7106615000557213,
        "p95_ms": 2.0529525500933232,
        "p99_ms": 2.163340900215189,
        "throughput_imgs": 567.9642233505571
      },
      "32": {
        "mean_ms": 20.8429608399274,
        "std_ms": 0.1599790341435489,
        "p50_ms": 20.845506999648933,
        "p95_ms": 21.119843999758814,
        "p99_ms": 21.169446600106312,
        "throughput_imgs": 1535.2905110630848
      }
    },
    "top1": 0.8259043927648578,
    "f1_macro": 0.7878159796178693,
    "f1_weighted": 0.8258601825379134,
    "per_class_report": "                                             precision    recall  f1-score   support\n\n              Pepper__bell___Bacterial_spot     0.9750    0.7852    0.8699       149\n                     Pepper__bell___healthy     0.9676    0.9414    0.9543       222\n                      Potato___Early_blight     0.9660    0.9467    0.9562       150\n                       Potato___Late_blight     0.7676    0.9467    0.8478       150\n                           Potato___healthy     1.0000    0.3043    0.4667        23\n                      Tomato_Bacterial_spot     0.8735    0.9091    0.8909       319\n                        Tomato_Early_blight     0.9315    0.4533    0.6099       150\n                         Tomato_Late_blight     0.9505    0.6713    0.7869       286\n                           Tomato_Leaf_Mold     0.9821    0.7692    0.8627       143\n                  Tomato_Septoria_leaf_spot     0.7245    0.8008    0.7607       266\nTomato_Spider_mites_Two_spotted_spider_mite     0.8170    0.7291    0.7705       251\n                        Tomato__Target_Spot     0.5382    0.7014    0.6091       211\n      Tomato__Tomato_YellowLeaf__Curl_Virus     0.9706    0.9626    0.9666       481\n                Tomato__Tomato_mosaic_virus     0.8140    0.6250    0.7071        56\n                             Tomato_healthy     0.6118    0.9958    0.7580       239\n\n                                   accuracy                         0.8259      3096\n                                  macro avg     0.8593    0.7695    0.7878      3096\n                               weighted avg     0.8539    0.8259    0.8259      3096\n",
    "nonzero_params": 301726
  },
  "baseline": {
    "arch": "resnet18",
    "weights": "/home/bruno/Downloads/ModelCompressionResearch/output/best_model.pth",
    "params_total": 11174607,
    "params_trainable": 0,
    "buffers": 9620,
    "macs": 1813569024,
    "flops": 3627138048,
    "file_size_mb": 64.75315475463867,
    "fp32_size_mb": 42.627742767333984,
    "fp16_size_mb": 21.313871383666992,
    "int8_size_mb": 10.656935691833496,
    "latencies": {
      "1": {
        "mean_ms": 1.818165480017342,
        "std_ms": 0.19119375314918313,
        "p50_ms": 1.7487860000073852,
        "p95_ms": 2.210834499783232,
        "p99_ms": 2.342637310057398,
        "throughput_imgs": 550.0049423391658
      },
      "32": {
        "mean_ms": 20.92709547996492,
        "std_ms": 0.16069771837786914,
        "p50_ms": 20.89464700065946,
        "p95_ms": 21.235904549575935,
        "p99_ms": 21.365777590126527,
        "throughput_imgs": 1529.1180771185377
      }
    },
    "top1": 0.9958010335917312,
    "f1_macro": 0.9959944388056144,
    "f1_weighted": 0.9958006511148225,
    "per_class_report": "                                             precision    recall  f1-score   support\n\n              Pepper__bell___Bacterial_spot     1.0000    1.0000    1.0000       149\n                     Pepper__bell___healthy     0.9955    1.0000    0.9978       222\n                      Potato___Early_blight     1.0000    1.0000    1.0000       150\n                       Potato___Late_blight     1.0000    0.9933    0.9967       150\n                           Potato___healthy     1.0000    1.0000    1.0000        23\n                      Tomato_Bacterial_spot     0.9969    1.0000    0.9984       319\n                        Tomato_Early_blight     0.9800    0.9800    0.9800       150\n                         Tomato_Late_blight     0.9930    0.9860    0.9895       286\n                           Tomato_Leaf_Mold     1.0000    1.0000    1.0000       143\n                  Tomato_Septoria_leaf_spot     1.0000    0.9925    0.9962       266\nTomato_Spider_mites_Two_spotted_spider_mite     0.9921    1.0000    0.9960       251\n                        Tomato__Target_Spot     0.9859    0.9953    0.9906       211\n      Tomato__Tomato_YellowLeaf__Curl_Virus     1.0000    0.9979    0.9990       481\n                Tomato__Tomato_mosaic_virus     1.0000    1.0000    1.0000        56\n                             Tomato_healthy     0.9958    0.9958    0.9958       239\n\n                                   accuracy                         0.9958      3096\n                                  macro avg     0.9959    0.9961    0.9960      3096\n                               weighted avg     0.9958    0.9958    0.9958      3096\n",
    "nonzero_params": 11174607
  }
}