{
  "target": {
    "arch": "pruned_iterative_75",
    "weights": "/home/bruno/Downloads/ModelCompressionResearch/output/Bruno/Modelos/prunning/iterative/pruned_iterative_75.pth.gz",
    "params_total": 11174607,
    "params_trainable": 0,
    "buffers": 9620,
    "macs": 1813569024,
    "flops": 3627138048,
    "file_size_mb": 0.9905719757080078,
    "fp32_size_mb": 42.627742767333984,
    "fp16_size_mb": 21.313871383666992,
    "int8_size_mb": 10.656935691833496,
    "latencies": {
      "1": {
        "mean_ms": 1.8065689600007317,
        "std_ms": 0.16262200846740552,
        "p50_ms": 1.731191499857232,
        "p95_ms": 2.161934499918061,
        "p99_ms": 2.24950520026141,
        "throughput_imgs": 553.5354709070142
      },
      "32": {
        "mean_ms": 20.83276574003321,
        "std_ms": 0.12307043080369047,
        "p50_ms": 20.810850000088976,
        "p95_ms": 21.02216049966046,
        "p99_ms": 21.201240510390562,
        "throughput_imgs": 1536.0418486589763
      }
    },
    "top1": 0.5439276485788114,
    "f1_macro": 0.4258815298317006,
    "f1_weighted": 0.5238150568349593,
    "per_class_report": "                                             precision    recall  f1-score   support\n\n              Pepper__bell___Bacterial_spot     0.9286    0.3490    0.5073       149\n                     Pepper__bell___healthy     0.8381    0.7928    0.8148       222\n                      Potato___Early_blight     0.8165    0.5933    0.6873       150\n                       Potato___Late_blight     0.7073    0.1933    0.3037       150\n                           Potato___healthy     0.0000    0.0000    0.0000        23\n                      Tomato_Bacterial_spot     0.7884    0.7241    0.7549       319\n                        Tomato_Early_blight     0.8846    0.1533    0.2614       150\n                         Tomato_Late_blight     0.9041    0.2308    0.3677       286\n                           Tomato_Leaf_Mold     0.9783    0.3147    0.4762       143\n                  Tomato_Septoria_leaf_spot     0.2897    0.6992    0.4097       266\nTomato_Spider_mites_Two_spotted_spider_mite     0.3559    0.4183    0.3846       251\n                        Tomato__Target_Spot     0.1250    0.0047    0.0091       211\n      Tomato__Tomato_YellowLeaf__Curl_Virus     0.9404    0.9189    0.9295       481\n                Tomato__Tomato_mosaic_virus     1.0000    0.0179    0.0351        56\n                             Tomato_healthy     0.2881    0.9958    0.4469       239\n\n                                   accuracy                         0.5439      3096\n                                  macro avg     0.6563    0.4271    0.4259      3096\n                               weighted avg     0.6801    0.5439    0.5238      3096\n",
    "nonzero_params": 174618
  },
  "baseline": {
    "arch": "resnet18",
    "weights": "/home/bruno/Downloads/ModelCompressionResearch/output/best_model.pth",
    "params_total": 11174607,
    "params_trainable": 0,
    "buffers": 9620,
    "macs": 1813569024,
    "flops": 3627138048,
    "file_size_mb": 64.75315475463867,
    "fp32_size_mb": 42.627742767333984,
    "fp16_size_mb": 21.313871383666992,
    "int8_size_mb": 10.656935691833496,
    "latencies": {
      "1": {
        "mean_ms": 1.739304900092975,
        "std_ms": 0.11780700872116792,
        "p50_ms": 1.6901210001378786,
        "p95_ms": 1.952348999611786,
        "p99_ms": 2.009761500321474,
        "throughput_imgs": 574.9423231927564
      },
      "32": {
        "mean_ms": 20.97311900000932,
        "std_ms": 0.2101033316397121,
        "p50_ms": 20.91266000024916,
        "p95_ms": 21.38445949990455,
        "p99_ms": 21.47372139984327,
        "throughput_imgs": 1525.7625725570804
      }
    },
    "top1": 0.9958010335917312,
    "f1_macro": 0.9959944388056144,
    "f1_weighted": 0.9958006511148225,
    "per_class_report": "                                             precision    recall  f1-score   support\n\n              Pepper__bell___Bacterial_spot     1.0000    1.0000    1.0000       149\n                     Pepper__bell___healthy     0.9955    1.0000    0.9978       222\n                      Potato___Early_blight     1.0000    1.0000    1.0000       150\n                       Potato___Late_blight     1.0000    0.9933    0.9967       150\n                           Potato___healthy     1.0000    1.0000    1.0000        23\n                      Tomato_Bacterial_spot     0.9969    1.0000    0.9984       319\n                        Tomato_Early_blight     0.9800    0.9800    0.9800       150\n                         Tomato_Late_blight     0.9930    0.9860    0.9895       286\n                           Tomato_Leaf_Mold     1.0000    1.0000    1.0000       143\n                  Tomato_Septoria_leaf_spot     1.0000    0.9925    0.9962       266\nTomato_Spider_mites_Two_spotted_spider_mite     0.9921    1.0000    0.9960       251\n                        Tomato__Target_Spot     0.9859    0.9953    0.9906       211\n      Tomato__Tomato_YellowLeaf__Curl_Virus     1.0000    0.9979    0.9990       481\n                Tomato__Tomato_mosaic_virus     1.0000    1.0000    1.0000        56\n                             Tomato_healthy     0.9958    0.9958    0.9958       239\n\n                                   accuracy                         0.9958      3096\n                                  macro avg     0.9959    0.9961    0.9960      3096\n                               weighted avg     0.9958    0.9958    0.9958      3096\n",
    "nonzero_params": 11174607
  }
}