{
  "target": {
    "arch": "pruned_iterative_60",
    "weights": "/home/bruno/Downloads/ModelCompressionResearch/output/Bruno/Modelos/prunning/iterative/pruned_iterative_60.pth.gz",
    "params_total": 11174607,
    "params_trainable": 0,
    "buffers": 9620,
    "macs": 1813569024,
    "flops": 3627138048,
    "file_size_mb": 3.582587242126465,
    "fp32_size_mb": 42.627742767333984,
    "fp16_size_mb": 21.313871383666992,
    "int8_size_mb": 10.656935691833496,
    "latencies": {
      "1": {
        "mean_ms": 1.8435228599992115,
        "std_ms": 0.19520249429816489,
        "p50_ms": 1.773762500306475,
        "p95_ms": 2.224394499808113,
        "p99_ms": 2.3071611099840084,
        "throughput_imgs": 542.439706986019
      },
      "32": {
        "mean_ms": 20.92667929993695,
        "std_ms": 0.23533863891893717,
        "p50_ms": 20.869795000180602,
        "p95_ms": 21.318137049638608,
        "p99_ms": 21.552042309440367,
        "throughput_imgs": 1529.1484875049628
      }
    },
    "top1": 0.9689922480620154,
    "f1_macro": 0.9657746728744949,
    "f1_weighted": 0.9688815315150031,
    "per_class_report": "                                             precision    recall  f1-score   support\n\n              Pepper__bell___Bacterial_spot     1.0000    0.9799    0.9898       149\n                     Pepper__bell___healthy     0.9737    1.0000    0.9867       222\n                      Potato___Early_blight     0.9866    0.9800    0.9833       150\n                       Potato___Late_blight     0.9801    0.9867    0.9834       150\n                           Potato___healthy     1.0000    0.9130    0.9545        23\n                      Tomato_Bacterial_spot     0.9968    0.9812    0.9889       319\n                        Tomato_Early_blight     0.9301    0.8867    0.9078       150\n                         Tomato_Late_blight     0.9714    0.9510    0.9611       286\n                           Tomato_Leaf_Mold     0.9855    0.9510    0.9680       143\n                  Tomato_Septoria_leaf_spot     0.9527    0.9850    0.9686       266\nTomato_Spider_mites_Two_spotted_spider_mite     0.9602    0.9602    0.9602       251\n                        Tomato__Target_Spot     0.9487    0.8768    0.9113       211\n      Tomato__Tomato_YellowLeaf__Curl_Virus     0.9979    0.9979    0.9979       481\n                Tomato__Tomato_mosaic_virus     0.9655    1.0000    0.9825        56\n                             Tomato_healthy     0.8947    0.9958    0.9426       239\n\n                                   accuracy                         0.9690      3096\n                                  macro avg     0.9696    0.9630    0.9658      3096\n                               weighted avg     0.9696    0.9690    0.9689      3096\n",
    "nonzero_params": 715188
  },
  "baseline": {
    "arch": "resnet18",
    "weights": "/home/bruno/Downloads/ModelCompressionResearch/output/best_model.pth",
    "params_total": 11174607,
    "params_trainable": 0,
    "buffers": 9620,
    "macs": 1813569024,
    "flops": 3627138048,
    "file_size_mb": 64.75315475463867,
    "fp32_size_mb": 42.627742767333984,
    "fp16_size_mb": 21.313871383666992,
    "int8_size_mb": 10.656935691833496,
    "latencies": {
      "1": {
        "mean_ms": 1.8343221999020898,
        "std_ms": 0.20287883855274388,
        "p50_ms": 1.7612974997973652,
        "p95_ms": 2.2291829498044535,
        "p99_ms": 2.243800400146938,
        "throughput_imgs": 545.1604958242215
      },
      "32": {
        "mean_ms": 21.029452639995725,
        "std_ms": 0.17645732381966192,
        "p50_ms": 21.023965000040334,
        "p95_ms": 21.2957724998887,
        "p99_ms": 21.463364310029647,
        "throughput_imgs": 1521.6753639673668
      }
    },
    "top1": 0.9958010335917312,
    "f1_macro": 0.9959944388056144,
    "f1_weighted": 0.9958006511148225,
    "per_class_report": "                                             precision    recall  f1-score   support\n\n              Pepper__bell___Bacterial_spot     1.0000    1.0000    1.0000       149\n                     Pepper__bell___healthy     0.9955    1.0000    0.9978       222\n                      Potato___Early_blight     1.0000    1.0000    1.0000       150\n                       Potato___Late_blight     1.0000    0.9933    0.9967       150\n                           Potato___healthy     1.0000    1.0000    1.0000        23\n                      Tomato_Bacterial_spot     0.9969    1.0000    0.9984       319\n                        Tomato_Early_blight     0.9800    0.9800    0.9800       150\n                         Tomato_Late_blight     0.9930    0.9860    0.9895       286\n                           Tomato_Leaf_Mold     1.0000    1.0000    1.0000       143\n                  Tomato_Septoria_leaf_spot     1.0000    0.9925    0.9962       266\nTomato_Spider_mites_Two_spotted_spider_mite     0.9921    1.0000    0.9960       251\n                        Tomato__Target_Spot     0.9859    0.9953    0.9906       211\n      Tomato__Tomato_YellowLeaf__Curl_Virus     1.0000    0.9979    0.9990       481\n                Tomato__Tomato_mosaic_virus     1.0000    1.0000    1.0000        56\n                             Tomato_healthy     0.9958    0.9958    0.9958       239\n\n                                   accuracy                         0.9958      3096\n                                  macro avg     0.9959    0.9961    0.9960      3096\n                               weighted avg     0.9958    0.9958    0.9958      3096\n",
    "nonzero_params": 11174607
  }
}