{
  "target": {
    "arch": "resnet18",
    "weights": "/home/bruno/Downloads/ModelCompressionResearchCopia/pruned_iterative_50.pth.gz",
    "params_total": 11174607,
    "params_trainable": 0,
    "buffers": 9620,
    "macs": 1813569024,
    "flops": 3627138048,
    "file_size_mb": 6.659913063049316,
    "fp32_size_mb": 42.627742767333984,
    "fp16_size_mb": 21.313871383666992,
    "int8_size_mb": 10.656935691833496,
    "latencies": {
      "1": {
        "mean_ms": 27.982471440336667,
        "std_ms": 7.972008861763798,
        "p50_ms": 25.666888999694493,
        "p95_ms": 42.640434993518284,
        "p99_ms": 53.480815894581596,
        "throughput_imgs": 35.7366575762319
      },
      "32": {
        "mean_ms": 896.5314161218703,
        "std_ms": 161.90792386077425,
        "p50_ms": 883.6110605043359,
        "p95_ms": 1189.7667743025522,
        "p99_ms": 1282.1116585028356,
        "throughput_imgs": 35.693116185958694
      }
    },
    "top1": 0.9893410852713178,
    "f1_macro": 0.9876391238561462,
    "f1_weighted": 0.9893228824967019,
    "per_class_report": "                                             precision    recall  f1-score   support\n\n              Pepper__bell___Bacterial_spot     1.0000    1.0000    1.0000       149\n                     Pepper__bell___healthy     0.9867    1.0000    0.9933       222\n                      Potato___Early_blight     1.0000    1.0000    1.0000       150\n                       Potato___Late_blight     0.9934    1.0000    0.9967       150\n                           Potato___healthy     1.0000    0.9565    0.9778        23\n                      Tomato_Bacterial_spot     0.9969    0.9969    0.9969       319\n                        Tomato_Early_blight     0.9605    0.9733    0.9669       150\n                         Tomato_Late_blight     0.9928    0.9650    0.9787       286\n                           Tomato_Leaf_Mold     0.9929    0.9790    0.9859       143\n                  Tomato_Septoria_leaf_spot     0.9851    0.9962    0.9907       266\nTomato_Spider_mites_Two_spotted_spider_mite     0.9879    0.9721    0.9799       251\n                        Tomato__Target_Spot     0.9856    0.9763    0.9810       211\n      Tomato__Tomato_YellowLeaf__Curl_Virus     0.9979    1.0000    0.9990       481\n                Tomato__Tomato_mosaic_virus     0.9655    1.0000    0.9825        56\n                             Tomato_healthy     0.9754    0.9958    0.9855       239\n\n                                   accuracy                         0.9893      3096\n                                  macro avg     0.9880    0.9874    0.9876      3096\n                               weighted avg     0.9894    0.9893    0.9893      3096\n",
    "nonzero_params": 1396839
  },
  "baseline": {
    "arch": "resnet18",
    "weights": "/home/bruno/Downloads/ModelCompressionResearchCopia/baseline.pth.gz",
    "params_total": 11174607,
    "params_trainable": 0,
    "buffers": 9620,
    "macs": 1813569024,
    "flops": 3627138048,
    "file_size_mb": 42.116960525512695,
    "fp32_size_mb": 42.627742767333984,
    "fp16_size_mb": 21.313871383666992,
    "int8_size_mb": 10.656935691833496,
    "latencies": {
      "1": {
        "mean_ms": 23.363444059505127,
        "std_ms": 5.647702947933002,
        "p50_ms": 21.78988749801647,
        "p95_ms": 35.82300610360106,
        "p99_ms": 43.358726616716,
        "throughput_imgs": 42.801908719154035
      },
      "32": {
        "mean_ms": 743.6215559809352,
        "std_ms": 72.90066738864523,
        "p50_ms": 746.7403460032074,
        "p95_ms": 861.7701316434249,
        "p99_ms": 926.7458645670556,
        "throughput_imgs": 43.03264172834227
      }
    },
    "top1": 0.9958010335917312,
    "f1_macro": 0.9959944388056144,
    "f1_weighted": 0.9958006511148225,
    "per_class_report": "                                             precision    recall  f1-score   support\n\n              Pepper__bell___Bacterial_spot     1.0000    1.0000    1.0000       149\n                     Pepper__bell___healthy     0.9955    1.0000    0.9978       222\n                      Potato___Early_blight     1.0000    1.0000    1.0000       150\n                       Potato___Late_blight     1.0000    0.9933    0.9967       150\n                           Potato___healthy     1.0000    1.0000    1.0000        23\n                      Tomato_Bacterial_spot     0.9969    1.0000    0.9984       319\n                        Tomato_Early_blight     0.9800    0.9800    0.9800       150\n                         Tomato_Late_blight     0.9930    0.9860    0.9895       286\n                           Tomato_Leaf_Mold     1.0000    1.0000    1.0000       143\n                  Tomato_Septoria_leaf_spot     1.0000    0.9925    0.9962       266\nTomato_Spider_mites_Two_spotted_spider_mite     0.9921    1.0000    0.9960       251\n                        Tomato__Target_Spot     0.9859    0.9953    0.9906       211\n      Tomato__Tomato_YellowLeaf__Curl_Virus     1.0000    0.9979    0.9990       481\n                Tomato__Tomato_mosaic_virus     1.0000    1.0000    1.0000        56\n                             Tomato_healthy     0.9958    0.9958    0.9958       239\n\n                                   accuracy                         0.9958      3096\n                                  macro avg     0.9959    0.9961    0.9960      3096\n                               weighted avg     0.9958    0.9958    0.9958      3096\n",
    "nonzero_params": 11174607
  }
}