{
  "target": {
    "arch": "resnet18",
    "weights": "/home/bruno/Downloads/ModelCompressionResearchCopia/output/Bruno/Modelos/prunning/iterative/pruned_iterative_50.pth.gz",
    "params_total": 11174607,
    "params_trainable": 0,
    "buffers": 9620,
    "macs": 1813569024,
    "flops": 3627138048,
    "file_size_mb": 6.659913063049316,
    "fp32_size_mb": 42.627742767333984,
    "fp16_size_mb": 21.313871383666992,
    "int8_size_mb": 10.656935691833496,
    "latencies": {
      "1": {
        "mean_ms": 1.7932769200160692,
        "std_ms": 0.14051684221128816,
        "p50_ms": 1.7455429999699845,
        "p95_ms": 2.078854150011011,
        "p99_ms": 2.2160724200989534,
        "throughput_imgs": 557.6383596076389
      },
      "32": {
        "mean_ms": 19.87374973999067,
        "std_ms": 0.814494040131179,
        "p50_ms": 20.328871999936382,
        "p95_ms": 20.73586749994547,
        "p99_ms": 20.785677919966474,
        "throughput_imgs": 1610.164182333868
      }
    },
    "top1": 0.9893410852713178,
    "f1_macro": 0.9876391238561462,
    "f1_weighted": 0.9893228824967019,
    "per_class_report": "                                             precision    recall  f1-score   support\n\n              Pepper__bell___Bacterial_spot     1.0000    1.0000    1.0000       149\n                     Pepper__bell___healthy     0.9867    1.0000    0.9933       222\n                      Potato___Early_blight     1.0000    1.0000    1.0000       150\n                       Potato___Late_blight     0.9934    1.0000    0.9967       150\n                           Potato___healthy     1.0000    0.9565    0.9778        23\n                      Tomato_Bacterial_spot     0.9969    0.9969    0.9969       319\n                        Tomato_Early_blight     0.9605    0.9733    0.9669       150\n                         Tomato_Late_blight     0.9928    0.9650    0.9787       286\n                           Tomato_Leaf_Mold     0.9929    0.9790    0.9859       143\n                  Tomato_Septoria_leaf_spot     0.9851    0.9962    0.9907       266\nTomato_Spider_mites_Two_spotted_spider_mite     0.9879    0.9721    0.9799       251\n                        Tomato__Target_Spot     0.9856    0.9763    0.9810       211\n      Tomato__Tomato_YellowLeaf__Curl_Virus     0.9979    1.0000    0.9990       481\n                Tomato__Tomato_mosaic_virus     0.9655    1.0000    0.9825        56\n                             Tomato_healthy     0.9754    0.9958    0.9855       239\n\n                                   accuracy                         0.9893      3096\n                                  macro avg     0.9880    0.9874    0.9876      3096\n                               weighted avg     0.9894    0.9893    0.9893      3096\n",
    "nonzero_params": 1396839
  },
  "baseline": {
    "arch": "resnet18",
    "weights": "/home/bruno/Downloads/ModelCompressionResearchCopia/baseline.pth.gz",
    "params_total": 11174607,
    "params_trainable": 0,
    "buffers": 9620,
    "macs": 1813569024,
    "flops": 3627138048,
    "file_size_mb": 42.116960525512695,
    "fp32_size_mb": 42.627742767333984,
    "fp16_size_mb": 21.313871383666992,
    "int8_size_mb": 10.656935691833496,
    "latencies": {
      "1": {
        "mean_ms": 1.7194756199978656,
        "std_ms": 0.09463577469980455,
        "p50_ms": 1.694506500030002,
        "p95_ms": 1.9023949500024173,
        "p99_ms": 1.9217183099203794,
        "throughput_imgs": 581.5726541102347
      },
      "32": {
        "mean_ms": 21.034383180008263,
        "std_ms": 2.4232509623116973,
        "p50_ms": 20.08424500002093,
        "p95_ms": 26.654593550074424,
        "p99_ms": 27.067256170034852,
        "throughput_imgs": 1521.3186774316162
      }
    },
    "top1": 0.9958010335917312,
    "f1_macro": 0.9959944388056144,
    "f1_weighted": 0.9958006511148225,
    "per_class_report": "                                             precision    recall  f1-score   support\n\n              Pepper__bell___Bacterial_spot     1.0000    1.0000    1.0000       149\n                     Pepper__bell___healthy     0.9955    1.0000    0.9978       222\n                      Potato___Early_blight     1.0000    1.0000    1.0000       150\n                       Potato___Late_blight     1.0000    0.9933    0.9967       150\n                           Potato___healthy     1.0000    1.0000    1.0000        23\n                      Tomato_Bacterial_spot     0.9969    1.0000    0.9984       319\n                        Tomato_Early_blight     0.9800    0.9800    0.9800       150\n                         Tomato_Late_blight     0.9930    0.9860    0.9895       286\n                           Tomato_Leaf_Mold     1.0000    1.0000    1.0000       143\n                  Tomato_Septoria_leaf_spot     1.0000    0.9925    0.9962       266\nTomato_Spider_mites_Two_spotted_spider_mite     0.9921    1.0000    0.9960       251\n                        Tomato__Target_Spot     0.9859    0.9953    0.9906       211\n      Tomato__Tomato_YellowLeaf__Curl_Virus     1.0000    0.9979    0.9990       481\n                Tomato__Tomato_mosaic_virus     1.0000    1.0000    1.0000        56\n                             Tomato_healthy     0.9958    0.9958    0.9958       239\n\n                                   accuracy                         0.9958      3096\n                                  macro avg     0.9959    0.9961    0.9960      3096\n                               weighted avg     0.9958    0.9958    0.9958      3096\n",
    "nonzero_params": 11174607
  }
}