{
  "target": {
    "arch": "mnasnet0_5",
    "weights": "output/students/student_mnasnet0_5.pth",
    "params_total": 956727,
    "params_trainable": 0,
    "buffers": 20676,
    "macs": 103195168,
    "flops": 206390336,
    "file_size_mb": 5.654613494873047,
    "fp32_size_mb": 3.6496238708496094,
    "fp16_size_mb": 1.8248119354248047,
    "int8_size_mb": 0.9124059677124023,
    "latencies": {
      "1": {
        "mean_ms": 3.482929080055328,
        "std_ms": 0.2000665301370215,
        "p50_ms": 3.4498309996706666,
        "p95_ms": 3.8357569998879626,
        "p99_ms": 3.8979354999355564,
        "throughput_imgs": 287.11466039501283
      },
      "32": {
        "mean_ms": 11.720120399913867,
        "std_ms": 0.2409103939802021,
        "p50_ms": 11.771131500609044,
        "p95_ms": 12.047268449714466,
        "p99_ms": 12.210579100101313,
        "throughput_imgs": 2730.347377680111
      }
    },
    "top1": 0.9328165374677002,
    "f1_macro": 0.9127552423544062,
    "f1_weighted": 0.9297760998103025,
    "per_class_report": "                                             precision    recall  f1-score   support\n\n              Pepper__bell___Bacterial_spot     0.9860    0.9463    0.9658       149\n                     Pepper__bell___healthy     0.9098    1.0000    0.9528       222\n                      Potato___Early_blight     0.9202    1.0000    0.9585       150\n                       Potato___Late_blight     0.9595    0.9467    0.9530       150\n                           Potato___healthy     0.5897    1.0000    0.7419        23\n                      Tomato_Bacterial_spot     0.9712    0.9498    0.9604       319\n                        Tomato_Early_blight     1.0000    0.5200    0.6842       150\n                         Tomato_Late_blight     0.8986    0.9301    0.9141       286\n                           Tomato_Leaf_Mold     0.9577    0.9510    0.9544       143\n                  Tomato_Septoria_leaf_spot     0.9798    0.9135    0.9455       266\nTomato_Spider_mites_Two_spotted_spider_mite     0.8557    0.9920    0.9188       251\n                        Tomato__Target_Spot     0.9760    0.7725    0.8624       211\n      Tomato__Tomato_YellowLeaf__Curl_Virus     0.9374    0.9958    0.9657       481\n                Tomato__Tomato_mosaic_virus     0.9167    0.9821    0.9483        56\n                             Tomato_healthy     0.9370    0.9958    0.9655       239\n\n                                   accuracy                         0.9328      3096\n                                  macro avg     0.9197    0.9264    0.9128      3096\n                               weighted avg     0.9385    0.9328    0.9298      3096\n"
  },
  "baseline": {
    "arch": "resnet18",
    "weights": "baseline.pth.gz",
    "params_total": 11174607,
    "params_trainable": 0,
    "buffers": 9620,
    "macs": 1813569024,
    "flops": 3627138048,
    "file_size_mb": 42.116960525512695,
    "fp32_size_mb": 42.627742767333984,
    "fp16_size_mb": 21.313871383666992,
    "int8_size_mb": 10.656935691833496,
    "latencies": {
      "1": {
        "mean_ms": 1.8226479160916673,
        "std_ms": 0.20409961075356017,
        "p50_ms": 1.804800033569336,
        "p95_ms": 2.2228991985321045,
        "p99_ms": 2.527272891998291,
        "throughput_imgs": 548.6523157716142
      },
      "32": {
        "mean_ms": 19.86257072024875,
        "std_ms": 0.6659035459457607,
        "p50_ms": 19.900928497314453,
        "p95_ms": 21.10064563751221,
        "p99_ms": 21.54107557296753,
        "throughput_imgs": 1611.070412319682
      }
    },
    "top1": 0.9958010335917312,
    "f1_macro": 0.9959944388056144,
    "f1_weighted": 0.9958006511148225,
    "per_class_report": "                                             precision    recall  f1-score   support\n\n              Pepper__bell___Bacterial_spot     1.0000    1.0000    1.0000       149\n                     Pepper__bell___healthy     0.9955    1.0000    0.9978       222\n                      Potato___Early_blight     1.0000    1.0000    1.0000       150\n                       Potato___Late_blight     1.0000    0.9933    0.9967       150\n                           Potato___healthy     1.0000    1.0000    1.0000        23\n                      Tomato_Bacterial_spot     0.9969    1.0000    0.9984       319\n                        Tomato_Early_blight     0.9800    0.9800    0.9800       150\n                         Tomato_Late_blight     0.9930    0.9860    0.9895       286\n                           Tomato_Leaf_Mold     1.0000    1.0000    1.0000       143\n                  Tomato_Septoria_leaf_spot     1.0000    0.9925    0.9962       266\nTomato_Spider_mites_Two_spotted_spider_mite     0.9921    1.0000    0.9960       251\n                        Tomato__Target_Spot     0.9859    0.9953    0.9906       211\n      Tomato__Tomato_YellowLeaf__Curl_Virus     1.0000    0.9979    0.9990       481\n                Tomato__Tomato_mosaic_virus     1.0000    1.0000    1.0000        56\n                             Tomato_healthy     0.9958    0.9958    0.9958       239\n\n                                   accuracy                         0.9958      3096\n                                  macro avg     0.9959    0.9961    0.9960      3096\n                               weighted avg     0.9958    0.9958    0.9958      3096\n",
    "nonzero_params": 11174607
  }
}