{
  "target": {
    "arch": "shufflenet_v2_x0_5",
    "weights": "output/students/student_shufflenet_v2_x0_5.pth",
    "params_total": 357167,
    "params_trainable": 0,
    "buffers": 8008,
    "macs": 39467808,
    "flops": 78935616,
    "file_size_mb": 2.158733367919922,
    "fp32_size_mb": 1.3624839782714844,
    "fp16_size_mb": 0.6812419891357422,
    "int8_size_mb": 0.3406209945678711,
    "latencies": {
      "1": {
        "mean_ms": 4.3894135398295475,
        "std_ms": 0.43563630454909275,
        "p50_ms": 4.3112650000693975,
        "p95_ms": 5.249045000255137,
        "p99_ms": 5.375194689331693,
        "throughput_imgs": 227.8208673951538
      },
      "32": {
        "mean_ms": 5.7184673200390534,
        "std_ms": 0.8141071005316326,
        "p50_ms": 5.506602999957977,
        "p95_ms": 7.031977449696569,
        "p99_ms": 7.776772109718876,
        "throughput_imgs": 5595.905022988129
      }
    },
    "top1": 0.9864341085271318,
    "f1_macro": 0.9865487445286403,
    "f1_weighted": 0.9864290582882365,
    "per_class_report": "                                             precision    recall  f1-score   support\n\n              Pepper__bell___Bacterial_spot     0.9933    0.9933    0.9933       149\n                     Pepper__bell___healthy     0.9911    1.0000    0.9955       222\n                      Potato___Early_blight     0.9740    1.0000    0.9868       150\n                       Potato___Late_blight     1.0000    0.9933    0.9967       150\n                           Potato___healthy     1.0000    1.0000    1.0000        23\n                      Tomato_Bacterial_spot     0.9937    0.9937    0.9937       319\n                        Tomato_Early_blight     0.9660    0.9467    0.9562       150\n                         Tomato_Late_blight     0.9857    0.9615    0.9735       286\n                           Tomato_Leaf_Mold     1.0000    0.9790    0.9894       143\n                  Tomato_Septoria_leaf_spot     0.9962    0.9925    0.9944       266\nTomato_Spider_mites_Two_spotted_spider_mite     0.9688    0.9880    0.9783       251\n                        Tomato__Target_Spot     0.9581    0.9763    0.9671       211\n      Tomato__Tomato_YellowLeaf__Curl_Virus     0.9979    0.9917    0.9948       481\n                Tomato__Tomato_mosaic_virus     1.0000    0.9821    0.9910        56\n                             Tomato_healthy     0.9794    0.9958    0.9876       239\n\n                                   accuracy                         0.9864      3096\n                                  macro avg     0.9869    0.9863    0.9865      3096\n                               weighted avg     0.9865    0.9864    0.9864      3096\n"
  },
  "baseline": {
    "arch": "resnet18",
    "weights": "baseline.pth.gz",
    "params_total": 11174607,
    "params_trainable": 0,
    "buffers": 9620,
    "macs": 1813569024,
    "flops": 3627138048,
    "file_size_mb": 42.116960525512695,
    "fp32_size_mb": 42.627742767333984,
    "fp16_size_mb": 21.313871383666992,
    "int8_size_mb": 10.656935691833496,
    "latencies": {
      "1": {
        "mean_ms": 1.8226479160916673,
        "std_ms": 0.20409961075356017,
        "p50_ms": 1.804800033569336,
        "p95_ms": 2.2228991985321045,
        "p99_ms": 2.527272891998291,
        "throughput_imgs": 548.6523157716142
      },
      "32": {
        "mean_ms": 19.86257072024875,
        "std_ms": 0.6659035459457607,
        "p50_ms": 19.900928497314453,
        "p95_ms": 21.10064563751221,
        "p99_ms": 21.54107557296753,
        "throughput_imgs": 1611.070412319682
      }
    },
    "top1": 0.9958010335917312,
    "f1_macro": 0.9959944388056144,
    "f1_weighted": 0.9958006511148225,
    "per_class_report": "                                             precision    recall  f1-score   support\n\n              Pepper__bell___Bacterial_spot     1.0000    1.0000    1.0000       149\n                     Pepper__bell___healthy     0.9955    1.0000    0.9978       222\n                      Potato___Early_blight     1.0000    1.0000    1.0000       150\n                       Potato___Late_blight     1.0000    0.9933    0.9967       150\n                           Potato___healthy     1.0000    1.0000    1.0000        23\n                      Tomato_Bacterial_spot     0.9969    1.0000    0.9984       319\n                        Tomato_Early_blight     0.9800    0.9800    0.9800       150\n                         Tomato_Late_blight     0.9930    0.9860    0.9895       286\n                           Tomato_Leaf_Mold     1.0000    1.0000    1.0000       143\n                  Tomato_Septoria_leaf_spot     1.0000    0.9925    0.9962       266\nTomato_Spider_mites_Two_spotted_spider_mite     0.9921    1.0000    0.9960       251\n                        Tomato__Target_Spot     0.9859    0.9953    0.9906       211\n      Tomato__Tomato_YellowLeaf__Curl_Virus     1.0000    0.9979    0.9990       481\n                Tomato__Tomato_mosaic_virus     1.0000    1.0000    1.0000        56\n                             Tomato_healthy     0.9958    0.9958    0.9958       239\n\n                                   accuracy                         0.9958      3096\n                                  macro avg     0.9959    0.9961    0.9960      3096\n                               weighted avg     0.9958    0.9958    0.9958      3096\n",
    "nonzero_params": 11174607
  }
}