{
  "target": {
    "arch": "shufflenet_v2_x0_5",
    "weights": "output\\students\\student_shufflenet_v2_x0_5.pth",
    "params_total": 357167,
    "params_trainable": 0,
    "buffers": 8008,
    "macs": 39467808,
    "flops": 78935616,
    "file_size_mb": 2.158733367919922,
    "fp32_size_mb": 1.3624839782714844,
    "fp16_size_mb": 0.6812419891357422,
    "int8_size_mb": 0.3406209945678711,
    "latencies": {
      "1": {
        "mean_ms": 3.631107999244705,
        "std_ms": 0.4061261799692757,
        "p50_ms": 3.4595999895827845,
        "p95_ms": 4.331659997114912,
        "p99_ms": 4.955586997966746,
        "throughput_imgs": 275.39803283405695
      },
      "32": {
        "mean_ms": 4.059308001887985,
        "std_ms": 1.3403835203145604,
        "p50_ms": 3.584549980587326,
        "p95_ms": 6.65262001130031,
        "p99_ms": 9.460636006842828,
        "throughput_imgs": 7883.117020220391
      }
    },
    "top1": 0.9861111111111112,
    "f1_macro": 0.9862859396526201,
    "f1_weighted": 0.9861081969534315,
    "per_class_report": "                                             precision    recall  f1-score   support\n\n              Pepper__bell___Bacterial_spot     0.9933    0.9933    0.9933       149\n                     Pepper__bell___healthy     0.9911    1.0000    0.9955       222\n                      Potato___Early_blight     0.9740    1.0000    0.9868       150\n                       Potato___Late_blight     1.0000    0.9933    0.9967       150\n                           Potato___healthy     1.0000    1.0000    1.0000        23\n                      Tomato_Bacterial_spot     0.9937    0.9937    0.9937       319\n                        Tomato_Early_blight     0.9660    0.9467    0.9562       150\n                         Tomato_Late_blight     0.9857    0.9615    0.9735       286\n                           Tomato_Leaf_Mold     1.0000    0.9790    0.9894       143\n                  Tomato_Septoria_leaf_spot     0.9962    0.9887    0.9925       266\nTomato_Spider_mites_Two_spotted_spider_mite     0.9688    0.9880    0.9783       251\n                        Tomato__Target_Spot     0.9581    0.9763    0.9671       211\n      Tomato__Tomato_YellowLeaf__Curl_Virus     0.9979    0.9917    0.9948       481\n                Tomato__Tomato_mosaic_virus     1.0000    0.9821    0.9910        56\n                             Tomato_healthy     0.9754    0.9958    0.9855       239\n\n                                   accuracy                         0.9861      3096\n                                  macro avg     0.9867    0.9860    0.9863      3096\n                               weighted avg     0.9862    0.9861    0.9861      3096\n"
  },
  "baseline": {
    "arch": "resnet18",
    "weights": "output\\best_model.pth",
    "params_total": 11184207,
    "params_trainable": 0,
    "buffers": 9620,
    "macs": 1813569024,
    "flops": 3627138048,
    "file_size_mb": 64.75315475463867,
    "fp32_size_mb": 42.664363861083984,
    "fp16_size_mb": 21.332181930541992,
    "int8_size_mb": 10.666090965270996,
    "latencies": {
      "1": {
        "mean_ms": 1.331773999845609,
        "std_ms": 0.14473826694655104,
        "p50_ms": 1.3097000046400353,
        "p95_ms": 1.5605199892888777,
        "p99_ms": 1.7954780036234297,
        "throughput_imgs": 750.8781520858109
      },
      "32": {
        "mean_ms": 12.325727995485067,
        "std_ms": 0.6369251597789235,
        "p50_ms": 12.222199991811067,
        "p95_ms": 12.832034986058714,
        "p99_ms": 14.754439995740533,
        "throughput_imgs": 2596.195536013909
      }
    },
    "top1": 0.9958010335917312,
    "f1_macro": 0.9959944388056144,
    "f1_weighted": 0.9958006511148225,
    "per_class_report": "                                             precision    recall  f1-score   support\n\n              Pepper__bell___Bacterial_spot     1.0000    1.0000    1.0000       149\n                     Pepper__bell___healthy     0.9955    1.0000    0.9978       222\n                      Potato___Early_blight     1.0000    1.0000    1.0000       150\n                       Potato___Late_blight     1.0000    0.9933    0.9967       150\n                           Potato___healthy     1.0000    1.0000    1.0000        23\n                      Tomato_Bacterial_spot     0.9969    1.0000    0.9984       319\n                        Tomato_Early_blight     0.9800    0.9800    0.9800       150\n                         Tomato_Late_blight     0.9930    0.9860    0.9895       286\n                           Tomato_Leaf_Mold     1.0000    1.0000    1.0000       143\n                  Tomato_Septoria_leaf_spot     1.0000    0.9925    0.9962       266\nTomato_Spider_mites_Two_spotted_spider_mite     0.9921    1.0000    0.9960       251\n                        Tomato__Target_Spot     0.9859    0.9953    0.9906       211\n      Tomato__Tomato_YellowLeaf__Curl_Virus     1.0000    0.9979    0.9990       481\n                Tomato__Tomato_mosaic_virus     1.0000    1.0000    1.0000        56\n                             Tomato_healthy     0.9958    0.9958    0.9958       239\n\n                                   accuracy                         0.9958      3096\n                                  macro avg     0.9959    0.9961    0.9960      3096\n                               weighted avg     0.9958    0.9958    0.9958      3096\n"
  }
}