{
  "target": {
    "arch": "resnet18",
    "weights": "/home/bruno/Downloads/ModelCompressionResearchCopia/output/Bruno/Modelos/prunning/structured/pruned_structured_70_finetuned.pth.gz",
    "params_total": 3466575,
    "params_trainable": 0,
    "buffers": 6924,
    "macs": 635725056,
    "flops": 1271450112,
    "file_size_mb": 12.9122953414917,
    "fp32_size_mb": 13.223934173583984,
    "fp16_size_mb": 6.611967086791992,
    "int8_size_mb": 3.305983543395996,
    "latencies": {
      "1": {
        "mean_ms": 1.7654847799940399,
        "std_ms": 0.14715475487622762,
        "p50_ms": 1.693293000016638,
        "p95_ms": 2.101108499994097,
        "p99_ms": 2.2252780100075142,
        "throughput_imgs": 566.4166643245579
      },
      "32": {
        "mean_ms": 12.137997399977394,
        "std_ms": 0.23720373435107142,
        "p50_ms": 12.106304000099044,
        "p95_ms": 12.553467499878934,
        "p99_ms": 12.811318019901137,
        "throughput_imgs": 2636.349221829591
      }
    },
    "top1": 0.963501291989664,
    "f1_macro": 0.9576745160703468,
    "f1_weighted": 0.9637001528674223,
    "per_class_report": "                                             precision    recall  f1-score   support\n\n              Pepper__bell___Bacterial_spot     0.9427    0.9933    0.9673       149\n                     Pepper__bell___healthy     0.9736    0.9955    0.9844       222\n                      Potato___Early_blight     0.9868    0.9933    0.9900       150\n                       Potato___Late_blight     0.9793    0.9467    0.9627       150\n                           Potato___healthy     1.0000    0.8261    0.9048        23\n                      Tomato_Bacterial_spot     0.9845    0.9937    0.9891       319\n                        Tomato_Early_blight     0.8571    0.9200    0.8875       150\n                         Tomato_Late_blight     0.9776    0.9161    0.9458       286\n                           Tomato_Leaf_Mold     0.9926    0.9441    0.9677       143\n                  Tomato_Septoria_leaf_spot     1.0000    0.8872    0.9402       266\nTomato_Spider_mites_Two_spotted_spider_mite     0.9875    0.9442    0.9654       251\n                        Tomato__Target_Spot     0.8395    0.9668    0.8987       211\n      Tomato__Tomato_YellowLeaf__Curl_Virus     0.9938    1.0000    0.9969       481\n                Tomato__Tomato_mosaic_virus     0.9825    1.0000    0.9912        56\n                             Tomato_healthy     0.9520    0.9958    0.9734       239\n\n                                   accuracy                         0.9635      3096\n                                  macro avg     0.9633    0.9549    0.9577      3096\n                               weighted avg     0.9658    0.9635    0.9637      3096\n",
    "nonzero_params": 3466575
  },
  "baseline": {
    "arch": "resnet18",
    "weights": "/home/bruno/Downloads/ModelCompressionResearchCopia/baseline.pth.gz",
    "params_total": 11174607,
    "params_trainable": 0,
    "buffers": 9620,
    "macs": 1813569024,
    "flops": 3627138048,
    "file_size_mb": 42.116960525512695,
    "fp32_size_mb": 42.627742767333984,
    "fp16_size_mb": 21.313871383666992,
    "int8_size_mb": 10.656935691833496,
    "latencies": {
      "1": {
        "mean_ms": 1.7000782399918535,
        "std_ms": 0.07181584728895114,
        "p50_ms": 1.6920685000059166,
        "p95_ms": 1.8423489999236153,
        "p99_ms": 1.8744675999801075,
        "throughput_imgs": 588.208222702028
      },
      "32": {
        "mean_ms": 18.73590785999113,
        "std_ms": 0.37015180700509187,
        "p50_ms": 18.69670049995875,
        "p95_ms": 19.482987749995573,
        "p99_ms": 19.81089219991418,
        "throughput_imgs": 1707.950329342362
      }
    },
    "top1": 0.9958010335917312,
    "f1_macro": 0.9959944388056144,
    "f1_weighted": 0.9958006511148225,
    "per_class_report": "                                             precision    recall  f1-score   support\n\n              Pepper__bell___Bacterial_spot     1.0000    1.0000    1.0000       149\n                     Pepper__bell___healthy     0.9955    1.0000    0.9978       222\n                      Potato___Early_blight     1.0000    1.0000    1.0000       150\n                       Potato___Late_blight     1.0000    0.9933    0.9967       150\n                           Potato___healthy     1.0000    1.0000    1.0000        23\n                      Tomato_Bacterial_spot     0.9969    1.0000    0.9984       319\n                        Tomato_Early_blight     0.9800    0.9800    0.9800       150\n                         Tomato_Late_blight     0.9930    0.9860    0.9895       286\n                           Tomato_Leaf_Mold     1.0000    1.0000    1.0000       143\n                  Tomato_Septoria_leaf_spot     1.0000    0.9925    0.9962       266\nTomato_Spider_mites_Two_spotted_spider_mite     0.9921    1.0000    0.9960       251\n                        Tomato__Target_Spot     0.9859    0.9953    0.9906       211\n      Tomato__Tomato_YellowLeaf__Curl_Virus     1.0000    0.9979    0.9990       481\n                Tomato__Tomato_mosaic_virus     1.0000    1.0000    1.0000        56\n                             Tomato_healthy     0.9958    0.9958    0.9958       239\n\n                                   accuracy                         0.9958      3096\n                                  macro avg     0.9959    0.9961    0.9960      3096\n                               weighted avg     0.9958    0.9958    0.9958      3096\n",
    "nonzero_params": 11174607
  }
}