{
  "target": {
    "arch": "pruned_structured_50",
    "weights": "/home/bruno/Downloads/ModelCompressionResearch/output/Bruno/Modelos/prunning/structured/pruned_structured_50.pth.gz",
    "params_total": 11174607,
    "params_trainable": 0,
    "buffers": 9620,
    "macs": 1813569024,
    "flops": 3627138048,
    "file_size_mb": 30.92279052734375,
    "fp32_size_mb": 42.627742767333984,
    "fp16_size_mb": 21.313871383666992,
    "int8_size_mb": 10.656935691833496,
    "latencies": {
      "1": {
        "mean_ms": 1.8060458398576884,
        "std_ms": 0.17494256990711743,
        "p50_ms": 1.7263154995816876,
        "p95_ms": 2.162615949418978,
        "p99_ms": 2.2461975996702677,
        "throughput_imgs": 553.6958021391071
      },
      "32": {
        "mean_ms": 21.627209600028436,
        "std_ms": 1.0608130905349615,
        "p50_ms": 21.208146000390116,
        "p95_ms": 23.79942450024828,
        "p99_ms": 24.403624619981198,
        "throughput_imgs": 1479.6176017065986
      }
    },
    "top1": 0.9786821705426356,
    "f1_macro": 0.9766663125402626,
    "f1_weighted": 0.978754685834667,
    "per_class_report": "                                             precision    recall  f1-score   support\n\n              Pepper__bell___Bacterial_spot     0.9933    1.0000    0.9967       149\n                     Pepper__bell___healthy     0.9780    1.0000    0.9889       222\n                      Potato___Early_blight     0.9868    1.0000    0.9934       150\n                       Potato___Late_blight     1.0000    0.9733    0.9865       150\n                           Potato___healthy     1.0000    0.9130    0.9545        23\n                      Tomato_Bacterial_spot     1.0000    0.9969    0.9984       319\n                        Tomato_Early_blight     0.9728    0.9533    0.9630       150\n                         Tomato_Late_blight     0.9824    0.9755    0.9789       286\n                           Tomato_Leaf_Mold     1.0000    0.9650    0.9822       143\n                  Tomato_Septoria_leaf_spot     0.9961    0.9699    0.9829       266\nTomato_Spider_mites_Two_spotted_spider_mite     0.9828    0.9084    0.9441       251\n                        Tomato__Target_Spot     0.8831    0.9668    0.9231       211\n      Tomato__Tomato_YellowLeaf__Curl_Virus     0.9959    0.9979    0.9969       481\n                Tomato__Tomato_mosaic_virus     0.9825    1.0000    0.9912        56\n                             Tomato_healthy     0.9444    0.9958    0.9695       239\n\n                                   accuracy                         0.9787      3096\n                                  macro avg     0.9799    0.9744    0.9767      3096\n                               weighted avg     0.9796    0.9787    0.9788      3096\n",
    "nonzero_params": 8424795
  },
  "baseline": {
    "arch": "resnet18",
    "weights": "/home/bruno/Downloads/ModelCompressionResearch/output/best_model.pth",
    "params_total": 11174607,
    "params_trainable": 0,
    "buffers": 9620,
    "macs": 1813569024,
    "flops": 3627138048,
    "file_size_mb": 64.75315475463867,
    "fp32_size_mb": 42.627742767333984,
    "fp16_size_mb": 21.313871383666992,
    "int8_size_mb": 10.656935691833496,
    "latencies": {
      "1": {
        "mean_ms": 1.8758854400766722,
        "std_ms": 0.23967039080439936,
        "p50_ms": 1.7762154998308688,
        "p95_ms": 2.2425714998462354,
        "p99_ms": 2.6017342198429096,
        "throughput_imgs": 533.0815937028262
      },
      "32": {
        "mean_ms": 21.058084899977985,
        "std_ms": 0.19706845882840618,
        "p50_ms": 21.023690499987424,
        "p95_ms": 21.36776049992477,
        "p99_ms": 21.550711109975964,
        "throughput_imgs": 1519.6063721840846
      }
    },
    "top1": 0.9958010335917312,
    "f1_macro": 0.9959944388056144,
    "f1_weighted": 0.9958006511148225,
    "per_class_report": "                                             precision    recall  f1-score   support\n\n              Pepper__bell___Bacterial_spot     1.0000    1.0000    1.0000       149\n                     Pepper__bell___healthy     0.9955    1.0000    0.9978       222\n                      Potato___Early_blight     1.0000    1.0000    1.0000       150\n                       Potato___Late_blight     1.0000    0.9933    0.9967       150\n                           Potato___healthy     1.0000    1.0000    1.0000        23\n                      Tomato_Bacterial_spot     0.9969    1.0000    0.9984       319\n                        Tomato_Early_blight     0.9800    0.9800    0.9800       150\n                         Tomato_Late_blight     0.9930    0.9860    0.9895       286\n                           Tomato_Leaf_Mold     1.0000    1.0000    1.0000       143\n                  Tomato_Septoria_leaf_spot     1.0000    0.9925    0.9962       266\nTomato_Spider_mites_Two_spotted_spider_mite     0.9921    1.0000    0.9960       251\n                        Tomato__Target_Spot     0.9859    0.9953    0.9906       211\n      Tomato__Tomato_YellowLeaf__Curl_Virus     1.0000    0.9979    0.9990       481\n                Tomato__Tomato_mosaic_virus     1.0000    1.0000    1.0000        56\n                             Tomato_healthy     0.9958    0.9958    0.9958       239\n\n                                   accuracy                         0.9958      3096\n                                  macro avg     0.9959    0.9961    0.9960      3096\n                               weighted avg     0.9958    0.9958    0.9958      3096\n",
    "nonzero_params": 11174607
  }
}