{
  "target": {
    "arch": "pruned_structured_65",
    "weights": "/home/bruno/Downloads/ModelCompressionResearch/output/Bruno/Modelos/prunning/structured/pruned_structured_65.pth.gz",
    "params_total": 11174607,
    "params_trainable": 0,
    "buffers": 9620,
    "macs": 1813569024,
    "flops": 3627138048,
    "file_size_mb": 25.36553192138672,
    "fp32_size_mb": 42.627742767333984,
    "fp16_size_mb": 21.313871383666992,
    "int8_size_mb": 10.656935691833496,
    "latencies": {
      "1": {
        "mean_ms": 1.8365730198274832,
        "std_ms": 0.1994485502974367,
        "p50_ms": 1.7204904997925041,
        "p95_ms": 2.2514030494676263,
        "p99_ms": 2.3012969996671018,
        "throughput_imgs": 544.4923720451551
      },
      "32": {
        "mean_ms": 21.210939779957698,
        "std_ms": 0.24813708949745325,
        "p50_ms": 21.165317500162928,
        "p95_ms": 21.706460500172398,
        "p99_ms": 21.792324399375502,
        "throughput_imgs": 1508.65545477796
      }
    },
    "top1": 0.8423772609819121,
    "f1_macro": 0.8148260191124994,
    "f1_weighted": 0.8458389428991278,
    "per_class_report": "                                             precision    recall  f1-score   support\n\n              Pepper__bell___Bacterial_spot     0.8742    0.9329    0.9026       149\n                     Pepper__bell___healthy     0.8988    1.0000    0.9467       222\n                      Potato___Early_blight     0.8647    0.9800    0.9187       150\n                       Potato___Late_blight     0.8782    0.9133    0.8954       150\n                           Potato___healthy     0.7692    0.4348    0.5556        23\n                      Tomato_Bacterial_spot     0.9764    0.9091    0.9416       319\n                        Tomato_Early_blight     0.9612    0.6600    0.7826       150\n                         Tomato_Late_blight     0.9750    0.8182    0.8897       286\n                           Tomato_Leaf_Mold     0.9840    0.8601    0.9179       143\n                  Tomato_Septoria_leaf_spot     0.9055    0.8647    0.8846       266\nTomato_Spider_mites_Two_spotted_spider_mite     0.8265    0.6454    0.7248       251\n                        Tomato__Target_Spot     0.7087    0.4265    0.5325       211\n      Tomato__Tomato_YellowLeaf__Curl_Virus     0.9870    0.9439    0.9649       481\n                Tomato__Tomato_mosaic_virus     0.9706    0.5893    0.7333        56\n                             Tomato_healthy     0.4621    0.9958    0.6313       239\n\n                                   accuracy                         0.8424      3096\n                                  macro avg     0.8695    0.7983    0.8148      3096\n                               weighted avg     0.8790    0.8424    0.8458      3096\n",
    "nonzero_params": 7219047
  },
  "baseline": {
    "arch": "resnet18",
    "weights": "/home/bruno/Downloads/ModelCompressionResearch/best_model.pth",
    "params_total": 11174607,
    "params_trainable": 0,
    "buffers": 9620,
    "macs": 1813569024,
    "flops": 3627138048,
    "file_size_mb": 64.75315475463867,
    "fp32_size_mb": 42.627742767333984,
    "fp16_size_mb": 21.313871383666992,
    "int8_size_mb": 10.656935691833496,
    "latencies": {
      "1": {
        "mean_ms": 1.837699279858498,
        "std_ms": 0.20999829262493463,
        "p50_ms": 1.7518609993203427,
        "p95_ms": 2.2274425009527477,
        "p99_ms": 2.2590052892337553,
        "throughput_imgs": 544.1586721832963
      },
      "32": {
        "mean_ms": 21.246259700128576,
        "std_ms": 0.1992749579034931,
        "p50_ms": 21.211643000242475,
        "p95_ms": 21.635193449583312,
        "p99_ms": 21.782979890649585,
        "throughput_imgs": 1506.1474561476034
      }
    },
    "top1": 0.9958010335917312,
    "f1_macro": 0.9959944388056144,
    "f1_weighted": 0.9958006511148225,
    "per_class_report": "                                             precision    recall  f1-score   support\n\n              Pepper__bell___Bacterial_spot     1.0000    1.0000    1.0000       149\n                     Pepper__bell___healthy     0.9955    1.0000    0.9978       222\n                      Potato___Early_blight     1.0000    1.0000    1.0000       150\n                       Potato___Late_blight     1.0000    0.9933    0.9967       150\n                           Potato___healthy     1.0000    1.0000    1.0000        23\n                      Tomato_Bacterial_spot     0.9969    1.0000    0.9984       319\n                        Tomato_Early_blight     0.9800    0.9800    0.9800       150\n                         Tomato_Late_blight     0.9930    0.9860    0.9895       286\n                           Tomato_Leaf_Mold     1.0000    1.0000    1.0000       143\n                  Tomato_Septoria_leaf_spot     1.0000    0.9925    0.9962       266\nTomato_Spider_mites_Two_spotted_spider_mite     0.9921    1.0000    0.9960       251\n                        Tomato__Target_Spot     0.9859    0.9953    0.9906       211\n      Tomato__Tomato_YellowLeaf__Curl_Virus     1.0000    0.9979    0.9990       481\n                Tomato__Tomato_mosaic_virus     1.0000    1.0000    1.0000        56\n                             Tomato_healthy     0.9958    0.9958    0.9958       239\n\n                                   accuracy                         0.9958      3096\n                                  macro avg     0.9959    0.9961    0.9960      3096\n                               weighted avg     0.9958    0.9958    0.9958      3096\n",
    "nonzero_params": 11174607
  }
}