{
  "target": {
    "arch": "pruned_structured_55",
    "weights": "/home/bruno/Downloads/ModelCompressionResearch/output/Bruno/Modelos/prunning/structured/pruned_structured_55.pth.gz",
    "params_total": 11174607,
    "params_trainable": 0,
    "buffers": 9620,
    "macs": 1813569024,
    "flops": 3627138048,
    "file_size_mb": 29.271967887878418,
    "fp32_size_mb": 42.627742767333984,
    "fp16_size_mb": 21.313871383666992,
    "int8_size_mb": 10.656935691833496,
    "latencies": {
      "1": {
        "mean_ms": 1.7961265399935655,
        "std_ms": 0.15880250662836198,
        "p50_ms": 1.7228860006071045,
        "p95_ms": 2.085256500140531,
        "p99_ms": 2.2662533999937295,
        "throughput_imgs": 556.7536461008935
      },
      "32": {
        "mean_ms": 20.95398888006457,
        "std_ms": 0.14307823475599937,
        "p50_ms": 20.90832900012174,
        "p95_ms": 21.21795949974512,
        "p99_ms": 21.332990710379818,
        "throughput_imgs": 1527.1555302983147
      }
    },
    "top1": 0.9693152454780362,
    "f1_macro": 0.966182439751212,
    "f1_weighted": 0.9694748766864719,
    "per_class_report": "                                             precision    recall  f1-score   support\n\n              Pepper__bell___Bacterial_spot     0.9867    0.9933    0.9900       149\n                     Pepper__bell___healthy     0.9867    1.0000    0.9933       222\n                      Potato___Early_blight     0.9804    1.0000    0.9901       150\n                       Potato___Late_blight     0.9867    0.9867    0.9867       150\n                           Potato___healthy     1.0000    0.8696    0.9302        23\n                      Tomato_Bacterial_spot     0.9906    0.9937    0.9922       319\n                        Tomato_Early_blight     0.9577    0.9067    0.9315       150\n                         Tomato_Late_blight     0.9823    0.9685    0.9754       286\n                           Tomato_Leaf_Mold     0.9927    0.9510    0.9714       143\n                  Tomato_Septoria_leaf_spot     0.9921    0.9474    0.9692       266\nTomato_Spider_mites_Two_spotted_spider_mite     0.9783    0.8964    0.9356       251\n                        Tomato__Target_Spot     0.8553    0.9242    0.8884       211\n      Tomato__Tomato_YellowLeaf__Curl_Virus     1.0000    1.0000    1.0000       481\n                Tomato__Tomato_mosaic_virus     1.0000    1.0000    1.0000        56\n                             Tomato_healthy     0.8881    0.9958    0.9389       239\n\n                                   accuracy                         0.9693      3096\n                                  macro avg     0.9718    0.9622    0.9662      3096\n                               weighted avg     0.9709    0.9693    0.9695      3096\n",
    "nonzero_params": 8057667
  },
  "baseline": {
    "arch": "resnet18",
    "weights": "/home/bruno/Downloads/ModelCompressionResearch/output/best_model.pth",
    "params_total": 11174607,
    "params_trainable": 0,
    "buffers": 9620,
    "macs": 1813569024,
    "flops": 3627138048,
    "file_size_mb": 64.75315475463867,
    "fp32_size_mb": 42.627742767333984,
    "fp16_size_mb": 21.313871383666992,
    "int8_size_mb": 10.656935691833496,
    "latencies": {
      "1": {
        "mean_ms": 1.889503020029224,
        "std_ms": 0.2500948834840184,
        "p50_ms": 1.791275500181655,
        "p95_ms": 2.258306499970786,
        "p99_ms": 2.5940038996031944,
        "throughput_imgs": 529.2396939299591
      },
      "32": {
        "mean_ms": 21.055880860003526,
        "std_ms": 0.2237253666942791,
        "p50_ms": 21.051905000149418,
        "p95_ms": 21.437218449773354,
        "p99_ms": 21.657565899649853,
        "throughput_imgs": 1519.7654381102268
      }
    },
    "top1": 0.9958010335917312,
    "f1_macro": 0.9959944388056144,
    "f1_weighted": 0.9958006511148225,
    "per_class_report": "                                             precision    recall  f1-score   support\n\n              Pepper__bell___Bacterial_spot     1.0000    1.0000    1.0000       149\n                     Pepper__bell___healthy     0.9955    1.0000    0.9978       222\n                      Potato___Early_blight     1.0000    1.0000    1.0000       150\n                       Potato___Late_blight     1.0000    0.9933    0.9967       150\n                           Potato___healthy     1.0000    1.0000    1.0000        23\n                      Tomato_Bacterial_spot     0.9969    1.0000    0.9984       319\n                        Tomato_Early_blight     0.9800    0.9800    0.9800       150\n                         Tomato_Late_blight     0.9930    0.9860    0.9895       286\n                           Tomato_Leaf_Mold     1.0000    1.0000    1.0000       143\n                  Tomato_Septoria_leaf_spot     1.0000    0.9925    0.9962       266\nTomato_Spider_mites_Two_spotted_spider_mite     0.9921    1.0000    0.9960       251\n                        Tomato__Target_Spot     0.9859    0.9953    0.9906       211\n      Tomato__Tomato_YellowLeaf__Curl_Virus     1.0000    0.9979    0.9990       481\n                Tomato__Tomato_mosaic_virus     1.0000    1.0000    1.0000        56\n                             Tomato_healthy     0.9958    0.9958    0.9958       239\n\n                                   accuracy                         0.9958      3096\n                                  macro avg     0.9959    0.9961    0.9960      3096\n                               weighted avg     0.9958    0.9958    0.9958      3096\n",
    "nonzero_params": 11174607
  }
}