{
  "target": {
    "arch": "resnet18",
    "weights": "/home/bruno/Downloads/ModelCompressionResearchCopia/output/Bruno/Modelos/prunning/structured/pruned_structured_40.pth.gz",
    "params_total": 6768207,
    "params_trainable": 0,
    "buffers": 8076,
    "macs": 1136531712,
    "flops": 2273063424,
    "file_size_mb": 25.149313926696777,
    "fp32_size_mb": 25.818660736083984,
    "fp16_size_mb": 12.909330368041992,
    "int8_size_mb": 6.454665184020996,
    "latencies": {
      "1": {
        "mean_ms": 23.523068039794452,
        "std_ms": 9.60438726583455,
        "p50_ms": 19.12965649535181,
        "p95_ms": 41.24872154643526,
        "p99_ms": 53.18181710026688,
        "throughput_imgs": 42.51146144322159
      },
      "32": {
        "mean_ms": 527.9339409209206,
        "std_ms": 70.18161204963903,
        "p50_ms": 514.5890010026051,
        "p95_ms": 663.129241552815,
        "p99_ms": 710.3140303365944,
        "throughput_imgs": 60.61364409376606
      }
    },
    "top1": 0.10723514211886305,
    "f1_macro": 0.03346786352426551,
    "f1_weighted": 0.06303531938221357,
    "per_class_report": "                                             precision    recall  f1-score   support\n\n              Pepper__bell___Bacterial_spot     0.0000    0.0000    0.0000       149\n                     Pepper__bell___healthy     0.8000    0.0180    0.0352       222\n                      Potato___Early_blight     0.0000    0.0000    0.0000       150\n                       Potato___Late_blight     0.0000    0.0000    0.0000       150\n                           Potato___healthy     0.0000    0.0000    0.0000        23\n                      Tomato_Bacterial_spot     0.0000    0.0000    0.0000       319\n                        Tomato_Early_blight     0.0000    0.0000    0.0000       150\n                         Tomato_Late_blight     0.0000    0.0000    0.0000       286\n                           Tomato_Leaf_Mold     0.0000    0.0000    0.0000       143\n                  Tomato_Septoria_leaf_spot     1.0000    0.0038    0.0075       266\nTomato_Spider_mites_Two_spotted_spider_mite     0.0000    0.0000    0.0000       251\n                        Tomato__Target_Spot     0.0000    0.0000    0.0000       211\n      Tomato__Tomato_YellowLeaf__Curl_Virus     1.0000    0.1850    0.3123       481\n                Tomato__Tomato_mosaic_virus     0.0000    0.0000    0.0000        56\n                             Tomato_healthy     0.0794    0.9958    0.1470       239\n\n                                   accuracy                         0.1072      3096\n                                  macro avg     0.1920    0.0802    0.0335      3096\n                               weighted avg     0.3048    0.1072    0.0630      3096\n",
    "nonzero_params": 6768207
  },
  "baseline": {
    "arch": "resnet18",
    "weights": "/home/bruno/Downloads/ModelCompressionResearchCopia/baseline.pth.gz",
    "params_total": 11174607,
    "params_trainable": 0,
    "buffers": 9620,
    "macs": 1813569024,
    "flops": 3627138048,
    "file_size_mb": 42.116960525512695,
    "fp32_size_mb": 42.627742767333984,
    "fp16_size_mb": 21.313871383666992,
    "int8_size_mb": 10.656935691833496,
    "latencies": {
      "1": {
        "mean_ms": 26.364328019553795,
        "std_ms": 10.59498220997778,
        "p50_ms": 24.12277049734257,
        "p95_ms": 46.339146655373035,
        "p99_ms": 57.21320586031649,
        "throughput_imgs": 37.930039379661935
      },
      "32": {
        "mean_ms": 732.1146835206309,
        "std_ms": 71.08524867122787,
        "p50_ms": 724.2206180017092,
        "p95_ms": 848.8293109978257,
        "p99_ms": 918.0433017697941,
        "throughput_imgs": 43.70899904112938
      }
    },
    "top1": 0.9958010335917312,
    "f1_macro": 0.9959944388056144,
    "f1_weighted": 0.9958006511148225,
    "per_class_report": "                                             precision    recall  f1-score   support\n\n              Pepper__bell___Bacterial_spot     1.0000    1.0000    1.0000       149\n                     Pepper__bell___healthy     0.9955    1.0000    0.9978       222\n                      Potato___Early_blight     1.0000    1.0000    1.0000       150\n                       Potato___Late_blight     1.0000    0.9933    0.9967       150\n                           Potato___healthy     1.0000    1.0000    1.0000        23\n                      Tomato_Bacterial_spot     0.9969    1.0000    0.9984       319\n                        Tomato_Early_blight     0.9800    0.9800    0.9800       150\n                         Tomato_Late_blight     0.9930    0.9860    0.9895       286\n                           Tomato_Leaf_Mold     1.0000    1.0000    1.0000       143\n                  Tomato_Septoria_leaf_spot     1.0000    0.9925    0.9962       266\nTomato_Spider_mites_Two_spotted_spider_mite     0.9921    1.0000    0.9960       251\n                        Tomato__Target_Spot     0.9859    0.9953    0.9906       211\n      Tomato__Tomato_YellowLeaf__Curl_Virus     1.0000    0.9979    0.9990       481\n                Tomato__Tomato_mosaic_virus     1.0000    1.0000    1.0000        56\n                             Tomato_healthy     0.9958    0.9958    0.9958       239\n\n                                   accuracy                         0.9958      3096\n                                  macro avg     0.9959    0.9961    0.9960      3096\n                               weighted avg     0.9958    0.9958    0.9958      3096\n",
    "nonzero_params": 11174607
  }
}