{
  "target": {
    "arch": "resnet18",
    "weights": "/home/bruno/Downloads/ModelCompressionResearchCopia/pruned_structured_60_finetuned.pth.gz",
    "params_total": 4565007,
    "params_trainable": 0,
    "buffers": 7308,
    "macs": 801569280,
    "flops": 1603138560,
    "file_size_mb": 16.981804847717285,
    "fp32_size_mb": 17.414119720458984,
    "fp16_size_mb": 8.707059860229492,
    "int8_size_mb": 4.353529930114746,
    "latencies": {
      "1": {
        "mean_ms": 7.886111280095065,
        "std_ms": 0.6182009346625894,
        "p50_ms": 7.7080089977243915,
        "p95_ms": 9.074237997992896,
        "p99_ms": 9.138971900611068,
        "throughput_imgs": 126.80521038601744
      },
      "32": {
        "mean_ms": 248.11692721938016,
        "std_ms": 13.866151161441504,
        "p50_ms": 244.51027499890188,
        "p95_ms": 272.7623877497535,
        "p99_ms": 299.2123117882147,
        "throughput_imgs": 128.9714505117429
      }
    },
    "top1": 0.9799741602067183,
    "f1_macro": 0.9801013273977541,
    "f1_weighted": 0.9799690402382868,
    "per_class_report": "                                             precision    recall  f1-score   support\n\n              Pepper__bell___Bacterial_spot     0.9867    0.9933    0.9900       149\n                     Pepper__bell___healthy     0.9911    1.0000    0.9955       222\n                      Potato___Early_blight     0.9803    0.9933    0.9868       150\n                       Potato___Late_blight     0.9933    0.9933    0.9933       150\n                           Potato___healthy     1.0000    1.0000    1.0000        23\n                      Tomato_Bacterial_spot     0.9936    0.9781    0.9858       319\n                        Tomato_Early_blight     0.9456    0.9267    0.9360       150\n                         Tomato_Late_blight     0.9787    0.9650    0.9718       286\n                           Tomato_Leaf_Mold     0.9926    0.9371    0.9640       143\n                  Tomato_Septoria_leaf_spot     0.9922    0.9586    0.9751       266\nTomato_Spider_mites_Two_spotted_spider_mite     0.9801    0.9801    0.9801       251\n                        Tomato__Target_Spot     0.9321    0.9763    0.9537       211\n      Tomato__Tomato_YellowLeaf__Curl_Virus     0.9959    1.0000    0.9979       481\n                Tomato__Tomato_mosaic_virus     1.0000    1.0000    1.0000        56\n                             Tomato_healthy     0.9482    0.9958    0.9714       239\n\n                                   accuracy                         0.9800      3096\n                                  macro avg     0.9807    0.9798    0.9801      3096\n                               weighted avg     0.9803    0.9800    0.9800      3096\n",
    "nonzero_params": 4565007
  },
  "baseline": {
    "arch": "resnet18",
    "weights": "/home/bruno/Downloads/ModelCompressionResearchCopia/baseline.pth.gz",
    "params_total": 11174607,
    "params_trainable": 0,
    "buffers": 9620,
    "macs": 1813569024,
    "flops": 3627138048,
    "file_size_mb": 42.116963386535645,
    "fp32_size_mb": 42.627742767333984,
    "fp16_size_mb": 21.313871383666992,
    "int8_size_mb": 10.656935691833496,
    "latencies": {
      "1": {
        "mean_ms": 11.982601880299626,
        "std_ms": 0.5910580741882198,
        "p50_ms": 11.89770700148074,
        "p95_ms": 13.03135445450607,
        "p99_ms": 13.630080289804026,
        "throughput_imgs": 83.4543290338371
      },
      "32": {
        "mean_ms": 391.61614395983634,
        "std_ms": 21.33806663139046,
        "p50_ms": 392.25900449673645,
        "p95_ms": 429.3119678473886,
        "p99_ms": 433.6322734813439,
        "throughput_imgs": 81.71266811534174
      }
    },
    "top1": 0.9958010335917312,
    "f1_macro": 0.9959944388056144,
    "f1_weighted": 0.9958006511148225,
    "per_class_report": "                                             precision    recall  f1-score   support\n\n              Pepper__bell___Bacterial_spot     1.0000    1.0000    1.0000       149\n                     Pepper__bell___healthy     0.9955    1.0000    0.9978       222\n                      Potato___Early_blight     1.0000    1.0000    1.0000       150\n                       Potato___Late_blight     1.0000    0.9933    0.9967       150\n                           Potato___healthy     1.0000    1.0000    1.0000        23\n                      Tomato_Bacterial_spot     0.9969    1.0000    0.9984       319\n                        Tomato_Early_blight     0.9800    0.9800    0.9800       150\n                         Tomato_Late_blight     0.9930    0.9860    0.9895       286\n                           Tomato_Leaf_Mold     1.0000    1.0000    1.0000       143\n                  Tomato_Septoria_leaf_spot     1.0000    0.9925    0.9962       266\nTomato_Spider_mites_Two_spotted_spider_mite     0.9921    1.0000    0.9960       251\n                        Tomato__Target_Spot     0.9859    0.9953    0.9906       211\n      Tomato__Tomato_YellowLeaf__Curl_Virus     1.0000    0.9979    0.9990       481\n                Tomato__Tomato_mosaic_virus     1.0000    1.0000    1.0000        56\n                             Tomato_healthy     0.9958    0.9958    0.9958       239\n\n                                   accuracy                         0.9958      3096\n                                  macro avg     0.9959    0.9961    0.9960      3096\n                               weighted avg     0.9958    0.9958    0.9958      3096\n",
    "nonzero_params": 11174607
  }
}