{
  "target": {
    "arch": "pruned_structured_20",
    "weights": "/home/bruno/Downloads/ModelCompressionResearch/output/Bruno/Modelos/prunning/structured/pruned_structured_20.pth.gz",
    "params_total": 11174607,
    "params_trainable": 0,
    "buffers": 9620,
    "macs": 1813569024,
    "flops": 3627138048,
    "file_size_mb": 38.587459564208984,
    "fp32_size_mb": 42.627742767333984,
    "fp16_size_mb": 21.313871383666992,
    "int8_size_mb": 10.656935691833496,
    "latencies": {
      "1": {
        "mean_ms": 1.9424854199496622,
        "std_ms": 0.23262269099954377,
        "p50_ms": 1.8692315002226678,
        "p95_ms": 2.332860500564493,
        "p99_ms": 2.4405999099508335,
        "throughput_imgs": 514.8043788281892
      },
      "32": {
        "mean_ms": 20.83753152002828,
        "std_ms": 0.11643968456635415,
        "p50_ms": 20.805804000247008,
        "p95_ms": 21.033297049643807,
        "p99_ms": 21.0468007001964,
        "throughput_imgs": 1535.6905384518682
      }
    },
    "top1": 0.9916020671834626,
    "f1_macro": 0.9917956248921381,
    "f1_weighted": 0.991604467251806,
    "per_class_report": "                                             precision    recall  f1-score   support\n\n              Pepper__bell___Bacterial_spot     1.0000    1.0000    1.0000       149\n                     Pepper__bell___healthy     0.9955    1.0000    0.9978       222\n                      Potato___Early_blight     1.0000    1.0000    1.0000       150\n                       Potato___Late_blight     1.0000    1.0000    1.0000       150\n                           Potato___healthy     1.0000    1.0000    1.0000        23\n                      Tomato_Bacterial_spot     0.9969    0.9969    0.9969       319\n                        Tomato_Early_blight     0.9669    0.9733    0.9701       150\n                         Tomato_Late_blight     0.9964    0.9755    0.9859       286\n                           Tomato_Leaf_Mold     1.0000    1.0000    1.0000       143\n                  Tomato_Septoria_leaf_spot     0.9925    0.9925    0.9925       266\nTomato_Spider_mites_Two_spotted_spider_mite     1.0000    0.9602    0.9797       251\n                        Tomato__Target_Spot     0.9545    0.9953    0.9745       211\n      Tomato__Tomato_YellowLeaf__Curl_Virus     0.9979    1.0000    0.9990       481\n                Tomato__Tomato_mosaic_virus     0.9825    1.0000    0.9912        56\n                             Tomato_healthy     0.9835    0.9958    0.9896       239\n\n                                   accuracy                         0.9916      3096\n                                  macro avg     0.9911    0.9926    0.9918      3096\n                               weighted avg     0.9918    0.9916    0.9916      3096\n",
    "nonzero_params": 10228320
  },
  "baseline": {
    "arch": "resnet18",
    "weights": "/home/bruno/Downloads/ModelCompressionResearch/output/best_model.pth",
    "params_total": 11174607,
    "params_trainable": 0,
    "buffers": 9620,
    "macs": 1813569024,
    "flops": 3627138048,
    "file_size_mb": 64.75315475463867,
    "fp32_size_mb": 42.627742767333984,
    "fp16_size_mb": 21.313871383666992,
    "int8_size_mb": 10.656935691833496,
    "latencies": {
      "1": {
        "mean_ms": 1.7388231400764198,
        "std_ms": 0.1230361740693144,
        "p50_ms": 1.682411000274442,
        "p95_ms": 1.9774815000346277,
        "p99_ms": 2.08177020012954,
        "throughput_imgs": 575.1016172674415
      },
      "32": {
        "mean_ms": 20.834931160097767,
        "std_ms": 0.11462962780360209,
        "p50_ms": 20.843958500336157,
        "p95_ms": 21.000943950093642,
        "p99_ms": 21.013825300378812,
        "throughput_imgs": 1535.8822044627211
      }
    },
    "top1": 0.9958010335917312,
    "f1_macro": 0.9959944388056144,
    "f1_weighted": 0.9958006511148225,
    "per_class_report": "                                             precision    recall  f1-score   support\n\n              Pepper__bell___Bacterial_spot     1.0000    1.0000    1.0000       149\n                     Pepper__bell___healthy     0.9955    1.0000    0.9978       222\n                      Potato___Early_blight     1.0000    1.0000    1.0000       150\n                       Potato___Late_blight     1.0000    0.9933    0.9967       150\n                           Potato___healthy     1.0000    1.0000    1.0000        23\n                      Tomato_Bacterial_spot     0.9969    1.0000    0.9984       319\n                        Tomato_Early_blight     0.9800    0.9800    0.9800       150\n                         Tomato_Late_blight     0.9930    0.9860    0.9895       286\n                           Tomato_Leaf_Mold     1.0000    1.0000    1.0000       143\n                  Tomato_Septoria_leaf_spot     1.0000    0.9925    0.9962       266\nTomato_Spider_mites_Two_spotted_spider_mite     0.9921    1.0000    0.9960       251\n                        Tomato__Target_Spot     0.9859    0.9953    0.9906       211\n      Tomato__Tomato_YellowLeaf__Curl_Virus     1.0000    0.9979    0.9990       481\n                Tomato__Tomato_mosaic_virus     1.0000    1.0000    1.0000        56\n                             Tomato_healthy     0.9958    0.9958    0.9958       239\n\n                                   accuracy                         0.9958      3096\n                                  macro avg     0.9959    0.9961    0.9960      3096\n                               weighted avg     0.9958    0.9958    0.9958      3096\n",
    "nonzero_params": 11174607
  }
}