{
  "target": {
    "arch": "resnet18",
    "weights": "/home/bruno/Downloads/ModelCompressionResearchCopia/output/Bruno/Modelos/prunning/structured/pruned_structured_40.pth.gz",
    "params_total": 6768207,
    "params_trainable": 0,
    "buffers": 8076,
    "macs": 1136531712,
    "flops": 2273063424,
    "file_size_mb": 25.149313926696777,
    "fp32_size_mb": 25.818660736083984,
    "fp16_size_mb": 12.909330368041992,
    "int8_size_mb": 6.454665184020996,
    "latencies": {
      "1": {
        "mean_ms": 1.7355205000194474,
        "std_ms": 0.04661190431399655,
        "p50_ms": 1.7172379999692566,
        "p95_ms": 1.82355394994147,
        "p99_ms": 1.8293833000279847,
        "throughput_imgs": 576.1960172690524
      },
      "32": {
        "mean_ms": 17.385243799994896,
        "std_ms": 0.4709573785494377,
        "p50_ms": 17.331464499989124,
        "p95_ms": 17.889177899996866,
        "p99_ms": 18.991059809902705,
        "throughput_imgs": 1840.6414294868498
      }
    },
    "top1": 0.10723514211886305,
    "f1_macro": 0.03346786352426551,
    "f1_weighted": 0.06303531938221357,
    "per_class_report": "                                             precision    recall  f1-score   support\n\n              Pepper__bell___Bacterial_spot     0.0000    0.0000    0.0000       149\n                     Pepper__bell___healthy     0.8000    0.0180    0.0352       222\n                      Potato___Early_blight     0.0000    0.0000    0.0000       150\n                       Potato___Late_blight     0.0000    0.0000    0.0000       150\n                           Potato___healthy     0.0000    0.0000    0.0000        23\n                      Tomato_Bacterial_spot     0.0000    0.0000    0.0000       319\n                        Tomato_Early_blight     0.0000    0.0000    0.0000       150\n                         Tomato_Late_blight     0.0000    0.0000    0.0000       286\n                           Tomato_Leaf_Mold     0.0000    0.0000    0.0000       143\n                  Tomato_Septoria_leaf_spot     1.0000    0.0038    0.0075       266\nTomato_Spider_mites_Two_spotted_spider_mite     0.0000    0.0000    0.0000       251\n                        Tomato__Target_Spot     0.0000    0.0000    0.0000       211\n      Tomato__Tomato_YellowLeaf__Curl_Virus     1.0000    0.1850    0.3123       481\n                Tomato__Tomato_mosaic_virus     0.0000    0.0000    0.0000        56\n                             Tomato_healthy     0.0794    0.9958    0.1470       239\n\n                                   accuracy                         0.1072      3096\n                                  macro avg     0.1920    0.0802    0.0335      3096\n                               weighted avg     0.3048    0.1072    0.0630      3096\n",
    "nonzero_params": 6768207
  },
  "baseline": {
    "arch": "resnet18",
    "weights": "/home/bruno/Downloads/ModelCompressionResearchCopia/baseline.pth.gz",
    "params_total": 11174607,
    "params_trainable": 0,
    "buffers": 9620,
    "macs": 1813569024,
    "flops": 3627138048,
    "file_size_mb": 42.116960525512695,
    "fp32_size_mb": 42.627742767333984,
    "fp16_size_mb": 21.313871383666992,
    "int8_size_mb": 10.656935691833496,
    "latencies": {
      "1": {
        "mean_ms": 1.733178740000767,
        "std_ms": 0.11131528855917577,
        "p50_ms": 1.6841100000419829,
        "p95_ms": 1.9035739500168347,
        "p99_ms": 2.029310480122603,
        "throughput_imgs": 576.9745363940694
      },
      "32": {
        "mean_ms": 20.43018256000323,
        "std_ms": 0.38655480631549605,
        "p50_ms": 20.41549850002866,
        "p95_ms": 21.14941595000346,
        "p99_ms": 21.270461399890337,
        "throughput_imgs": 1566.3100369277824
      }
    },
    "top1": 0.9958010335917312,
    "f1_macro": 0.9959944388056144,
    "f1_weighted": 0.9958006511148225,
    "per_class_report": "                                             precision    recall  f1-score   support\n\n              Pepper__bell___Bacterial_spot     1.0000    1.0000    1.0000       149\n                     Pepper__bell___healthy     0.9955    1.0000    0.9978       222\n                      Potato___Early_blight     1.0000    1.0000    1.0000       150\n                       Potato___Late_blight     1.0000    0.9933    0.9967       150\n                           Potato___healthy     1.0000    1.0000    1.0000        23\n                      Tomato_Bacterial_spot     0.9969    1.0000    0.9984       319\n                        Tomato_Early_blight     0.9800    0.9800    0.9800       150\n                         Tomato_Late_blight     0.9930    0.9860    0.9895       286\n                           Tomato_Leaf_Mold     1.0000    1.0000    1.0000       143\n                  Tomato_Septoria_leaf_spot     1.0000    0.9925    0.9962       266\nTomato_Spider_mites_Two_spotted_spider_mite     0.9921    1.0000    0.9960       251\n                        Tomato__Target_Spot     0.9859    0.9953    0.9906       211\n      Tomato__Tomato_YellowLeaf__Curl_Virus     1.0000    0.9979    0.9990       481\n                Tomato__Tomato_mosaic_virus     1.0000    1.0000    1.0000        56\n                             Tomato_healthy     0.9958    0.9958    0.9958       239\n\n                                   accuracy                         0.9958      3096\n                                  macro avg     0.9959    0.9961    0.9960      3096\n                               weighted avg     0.9958    0.9958    0.9958      3096\n",
    "nonzero_params": 11174607
  }
}