{
  "target": {
    "arch": "resnet18",
    "weights": "/home/bruno/Downloads/ModelCompressionResearchCopia/output/Bruno/Modelos/prunning/structured/pruned_structured_50_finetuned.pth.gz",
    "params_total": 5681871,
    "params_trainable": 0,
    "buffers": 7700,
    "macs": 975429120,
    "flops": 1950858240,
    "file_size_mb": 21.121896743774414,
    "fp32_size_mb": 21.674617767333984,
    "fp16_size_mb": 10.837308883666992,
    "int8_size_mb": 5.418654441833496,
    "latencies": {
      "1": {
        "mean_ms": 1.7580957153108385,
        "std_ms": 0.06992763803351706,
        "p50_ms": 1.7525759935379028,
        "p95_ms": 1.9396607875823972,
        "p99_ms": 2.0828978061676025,
        "throughput_imgs": 568.797245389564
      },
      "32": {
        "mean_ms": 13.507693676418729,
        "std_ms": 0.6107337502342206,
        "p50_ms": 13.303296089172363,
        "p95_ms": 14.760140895843504,
        "p99_ms": 15.383572082519532,
        "throughput_imgs": 2369.0202610875394
      }
    },
    "top1": 0.9883720930232558,
    "f1_macro": 0.9865260421037922,
    "f1_weighted": 0.9883155116965404,
    "per_class_report": "                                             precision    recall  f1-score   support\n\n              Pepper__bell___Bacterial_spot     0.9868    1.0000    0.9933       149\n                     Pepper__bell___healthy     0.9911    1.0000    0.9955       222\n                      Potato___Early_blight     0.9868    1.0000    0.9934       150\n                       Potato___Late_blight     0.9868    0.9933    0.9900       150\n                           Potato___healthy     1.0000    0.9565    0.9778        23\n                      Tomato_Bacterial_spot     0.9907    0.9969    0.9938       319\n                        Tomato_Early_blight     0.9857    0.9200    0.9517       150\n                         Tomato_Late_blight     0.9894    0.9755    0.9824       286\n                           Tomato_Leaf_Mold     1.0000    0.9930    0.9965       143\n                  Tomato_Septoria_leaf_spot     0.9925    0.9962    0.9944       266\nTomato_Spider_mites_Two_spotted_spider_mite     1.0000    0.9681    0.9838       251\n                        Tomato__Target_Spot     0.9541    0.9858    0.9697       211\n      Tomato__Tomato_YellowLeaf__Curl_Virus     0.9979    1.0000    0.9990       481\n                Tomato__Tomato_mosaic_virus     0.9825    1.0000    0.9912        56\n                             Tomato_healthy     0.9754    0.9958    0.9855       239\n\n                                   accuracy                         0.9884      3096\n                                  macro avg     0.9880    0.9854    0.9865      3096\n                               weighted avg     0.9885    0.9884    0.9883      3096\n",
    "nonzero_params": 5681871
  },
  "baseline": {
    "arch": "resnet18",
    "weights": "baseline.pth.gz",
    "params_total": 11174607,
    "params_trainable": 0,
    "buffers": 9620,
    "macs": 1813569024,
    "flops": 3627138048,
    "file_size_mb": 42.116960525512695,
    "fp32_size_mb": 42.627742767333984,
    "fp16_size_mb": 21.313871383666992,
    "int8_size_mb": 10.656935691833496,
    "latencies": {
      "1": {
        "mean_ms": 1.8226479160916673,
        "std_ms": 0.20409961075356017,
        "p50_ms": 1.804800033569336,
        "p95_ms": 2.2228991985321045,
        "p99_ms": 2.527272891998291,
        "throughput_imgs": 548.6523157716142
      },
      "32": {
        "mean_ms": 19.86257072024875,
        "std_ms": 0.6659035459457607,
        "p50_ms": 19.900928497314453,
        "p95_ms": 21.10064563751221,
        "p99_ms": 21.54107557296753,
        "throughput_imgs": 1611.070412319682
      }
    },
    "top1": 0.9958010335917312,
    "f1_macro": 0.9959944388056144,
    "f1_weighted": 0.9958006511148225,
    "per_class_report": "                                             precision    recall  f1-score   support\n\n              Pepper__bell___Bacterial_spot     1.0000    1.0000    1.0000       149\n                     Pepper__bell___healthy     0.9955    1.0000    0.9978       222\n                      Potato___Early_blight     1.0000    1.0000    1.0000       150\n                       Potato___Late_blight     1.0000    0.9933    0.9967       150\n                           Potato___healthy     1.0000    1.0000    1.0000        23\n                      Tomato_Bacterial_spot     0.9969    1.0000    0.9984       319\n                        Tomato_Early_blight     0.9800    0.9800    0.9800       150\n                         Tomato_Late_blight     0.9930    0.9860    0.9895       286\n                           Tomato_Leaf_Mold     1.0000    1.0000    1.0000       143\n                  Tomato_Septoria_leaf_spot     1.0000    0.9925    0.9962       266\nTomato_Spider_mites_Two_spotted_spider_mite     0.9921    1.0000    0.9960       251\n                        Tomato__Target_Spot     0.9859    0.9953    0.9906       211\n      Tomato__Tomato_YellowLeaf__Curl_Virus     1.0000    0.9979    0.9990       481\n                Tomato__Tomato_mosaic_virus     1.0000    1.0000    1.0000        56\n                             Tomato_healthy     0.9958    0.9958    0.9958       239\n\n                                   accuracy                         0.9958      3096\n                                  macro avg     0.9959    0.9961    0.9960      3096\n                               weighted avg     0.9958    0.9958    0.9958      3096\n",
    "nonzero_params": 11174607
  }
}