{
  "target": {
    "arch": "resnet18",
    "weights": "/home/bruno/Downloads/ModelCompressionResearchCopia/output/Bruno/Modelos/prunning/structured/pruned_structured_60_finetuned.pth.gz",
    "params_total": 4565007,
    "params_trainable": 0,
    "buffers": 7308,
    "macs": 801569280,
    "flops": 1603138560,
    "file_size_mb": 16.981804847717285,
    "fp32_size_mb": 17.414119720458984,
    "fp16_size_mb": 8.707059860229492,
    "int8_size_mb": 4.353529930114746,
    "latencies": {
      "1": {
        "mean_ms": 1.7130328800021744,
        "std_ms": 0.09384171070781966,
        "p50_ms": 1.6694675000508141,
        "p95_ms": 1.9174624998754553,
        "p99_ms": 1.972698999904878,
        "throughput_imgs": 583.75995678421
      },
      "32": {
        "mean_ms": 12.915050740002698,
        "std_ms": 0.4017642291814864,
        "p50_ms": 12.769774499929554,
        "p95_ms": 13.720258949990694,
        "p99_ms": 14.01798380013588,
        "throughput_imgs": 2477.729328688128
      }
    },
    "top1": 0.9799741602067183,
    "f1_macro": 0.9801013273977541,
    "f1_weighted": 0.9799690402382868,
    "per_class_report": "                                             precision    recall  f1-score   support\n\n              Pepper__bell___Bacterial_spot     0.9867    0.9933    0.9900       149\n                     Pepper__bell___healthy     0.9911    1.0000    0.9955       222\n                      Potato___Early_blight     0.9803    0.9933    0.9868       150\n                       Potato___Late_blight     0.9933    0.9933    0.9933       150\n                           Potato___healthy     1.0000    1.0000    1.0000        23\n                      Tomato_Bacterial_spot     0.9936    0.9781    0.9858       319\n                        Tomato_Early_blight     0.9456    0.9267    0.9360       150\n                         Tomato_Late_blight     0.9787    0.9650    0.9718       286\n                           Tomato_Leaf_Mold     0.9926    0.9371    0.9640       143\n                  Tomato_Septoria_leaf_spot     0.9922    0.9586    0.9751       266\nTomato_Spider_mites_Two_spotted_spider_mite     0.9801    0.9801    0.9801       251\n                        Tomato__Target_Spot     0.9321    0.9763    0.9537       211\n      Tomato__Tomato_YellowLeaf__Curl_Virus     0.9959    1.0000    0.9979       481\n                Tomato__Tomato_mosaic_virus     1.0000    1.0000    1.0000        56\n                             Tomato_healthy     0.9482    0.9958    0.9714       239\n\n                                   accuracy                         0.9800      3096\n                                  macro avg     0.9807    0.9798    0.9801      3096\n                               weighted avg     0.9803    0.9800    0.9800      3096\n",
    "nonzero_params": 4565007
  },
  "baseline": {
    "arch": "resnet18",
    "weights": "/home/bruno/Downloads/ModelCompressionResearchCopia/baseline.pth.gz",
    "params_total": 11174607,
    "params_trainable": 0,
    "buffers": 9620,
    "macs": 1813569024,
    "flops": 3627138048,
    "file_size_mb": 42.116960525512695,
    "fp32_size_mb": 42.627742767333984,
    "fp16_size_mb": 21.313871383666992,
    "int8_size_mb": 10.656935691833496,
    "latencies": {
      "1": {
        "mean_ms": 1.908985020018008,
        "std_ms": 0.23138970117369834,
        "p50_ms": 1.858963500126265,
        "p95_ms": 2.2606674500252666,
        "p99_ms": 2.448413200090726,
        "throughput_imgs": 523.8385788855309
      },
      "32": {
        "mean_ms": 18.751845719998528,
        "std_ms": 0.2675265576220723,
        "p50_ms": 18.76216699986344,
        "p95_ms": 19.28162815009955,
        "p99_ms": 19.45604271008733,
        "throughput_imgs": 1706.4986816669752
      }
    },
    "top1": 0.9958010335917312,
    "f1_macro": 0.9959944388056144,
    "f1_weighted": 0.9958006511148225,
    "per_class_report": "                                             precision    recall  f1-score   support\n\n              Pepper__bell___Bacterial_spot     1.0000    1.0000    1.0000       149\n                     Pepper__bell___healthy     0.9955    1.0000    0.9978       222\n                      Potato___Early_blight     1.0000    1.0000    1.0000       150\n                       Potato___Late_blight     1.0000    0.9933    0.9967       150\n                           Potato___healthy     1.0000    1.0000    1.0000        23\n                      Tomato_Bacterial_spot     0.9969    1.0000    0.9984       319\n                        Tomato_Early_blight     0.9800    0.9800    0.9800       150\n                         Tomato_Late_blight     0.9930    0.9860    0.9895       286\n                           Tomato_Leaf_Mold     1.0000    1.0000    1.0000       143\n                  Tomato_Septoria_leaf_spot     1.0000    0.9925    0.9962       266\nTomato_Spider_mites_Two_spotted_spider_mite     0.9921    1.0000    0.9960       251\n                        Tomato__Target_Spot     0.9859    0.9953    0.9906       211\n      Tomato__Tomato_YellowLeaf__Curl_Virus     1.0000    0.9979    0.9990       481\n                Tomato__Tomato_mosaic_virus     1.0000    1.0000    1.0000        56\n                             Tomato_healthy     0.9958    0.9958    0.9958       239\n\n                                   accuracy                         0.9958      3096\n                                  macro avg     0.9959    0.9961    0.9960      3096\n                               weighted avg     0.9958    0.9958    0.9958      3096\n",
    "nonzero_params": 11174607
  }
}