{
  "target": {
    "arch": "resnet18",
    "weights": "/home/bruno/Downloads/ModelCompressionResearchCopia/output/Bruno/Modelos/prunning/structured/pruned_structured_30.pth.gz",
    "params_total": 7866639,
    "params_trainable": 0,
    "buffers": 8460,
    "macs": 1302375936,
    "flops": 2604751872,
    "file_size_mb": 29.20967960357666,
    "fp32_size_mb": 30.008846282958984,
    "fp16_size_mb": 15.004423141479492,
    "int8_size_mb": 7.502211570739746,
    "latencies": {
      "1": {
        "mean_ms": 1.9140091800181835,
        "std_ms": 0.16100895694396622,
        "p50_ms": 1.873770499969396,
        "p95_ms": 2.260799949976899,
        "p99_ms": 2.3180329899992103,
        "throughput_imgs": 522.4635338428731
      },
      "32": {
        "mean_ms": 18.949228840015166,
        "std_ms": 0.655574638453492,
        "p50_ms": 19.07313399999566,
        "p95_ms": 19.855832450036814,
        "p99_ms": 20.131149600010758,
        "throughput_imgs": 1688.7230752327748
      }
    },
    "top1": 0.21705426356589147,
    "f1_macro": 0.154559282053032,
    "f1_weighted": 0.19534485214848835,
    "per_class_report": "                                             precision    recall  f1-score   support\n\n              Pepper__bell___Bacterial_spot     1.0000    0.0201    0.0395       149\n                     Pepper__bell___healthy     0.8365    0.5991    0.6982       222\n                      Potato___Early_blight     0.0000    0.0000    0.0000       150\n                       Potato___Late_blight     0.1667    0.0333    0.0556       150\n                           Potato___healthy     0.2667    0.8696    0.4082        23\n                      Tomato_Bacterial_spot     1.0000    0.0157    0.0309       319\n                        Tomato_Early_blight     0.0000    0.0000    0.0000       150\n                         Tomato_Late_blight     0.5000    0.0105    0.0205       286\n                           Tomato_Leaf_Mold     1.0000    0.0420    0.0805       143\n                  Tomato_Septoria_leaf_spot     0.7931    0.0865    0.1559       266\nTomato_Spider_mites_Two_spotted_spider_mite     0.0000    0.0000    0.0000       251\n                        Tomato__Target_Spot     0.0000    0.0000    0.0000       211\n      Tomato__Tomato_YellowLeaf__Curl_Virus     1.0000    0.4906    0.6583       481\n                Tomato__Tomato_mosaic_virus     0.0000    0.0000    0.0000        56\n                             Tomato_healthy     0.0934    0.9958    0.1709       239\n\n                                   accuracy                         0.2171      3096\n                                  macro avg     0.4438    0.2109    0.1546      3096\n                               weighted avg     0.5443    0.2171    0.1953      3096\n",
    "nonzero_params": 7866639
  },
  "baseline": {
    "arch": "resnet18",
    "weights": "/home/bruno/Downloads/ModelCompressionResearchCopia/baseline.pth.gz",
    "params_total": 11174607,
    "params_trainable": 0,
    "buffers": 9620,
    "macs": 1813569024,
    "flops": 3627138048,
    "file_size_mb": 42.116960525512695,
    "fp32_size_mb": 42.627742767333984,
    "fp16_size_mb": 21.313871383666992,
    "int8_size_mb": 10.656935691833496,
    "latencies": {
      "1": {
        "mean_ms": 1.7473943600089115,
        "std_ms": 0.06681060601158904,
        "p50_ms": 1.7219540001178757,
        "p95_ms": 1.8874624500654134,
        "p99_ms": 1.9688050900208507,
        "throughput_imgs": 572.2806613584927
      },
      "32": {
        "mean_ms": 18.691389920013535,
        "std_ms": 0.22234064669324682,
        "p50_ms": 18.69335349999801,
        "p95_ms": 19.04294840012426,
        "p99_ms": 19.340996470057235,
        "throughput_imgs": 1712.0182146399109
      }
    },
    "top1": 0.9958010335917312,
    "f1_macro": 0.9959944388056144,
    "f1_weighted": 0.9958006511148225,
    "per_class_report": "                                             precision    recall  f1-score   support\n\n              Pepper__bell___Bacterial_spot     1.0000    1.0000    1.0000       149\n                     Pepper__bell___healthy     0.9955    1.0000    0.9978       222\n                      Potato___Early_blight     1.0000    1.0000    1.0000       150\n                       Potato___Late_blight     1.0000    0.9933    0.9967       150\n                           Potato___healthy     1.0000    1.0000    1.0000        23\n                      Tomato_Bacterial_spot     0.9969    1.0000    0.9984       319\n                        Tomato_Early_blight     0.9800    0.9800    0.9800       150\n                         Tomato_Late_blight     0.9930    0.9860    0.9895       286\n                           Tomato_Leaf_Mold     1.0000    1.0000    1.0000       143\n                  Tomato_Septoria_leaf_spot     1.0000    0.9925    0.9962       266\nTomato_Spider_mites_Two_spotted_spider_mite     0.9921    1.0000    0.9960       251\n                        Tomato__Target_Spot     0.9859    0.9953    0.9906       211\n      Tomato__Tomato_YellowLeaf__Curl_Virus     1.0000    0.9979    0.9990       481\n                Tomato__Tomato_mosaic_virus     1.0000    1.0000    1.0000        56\n                             Tomato_healthy     0.9958    0.9958    0.9958       239\n\n                                   accuracy                         0.9958      3096\n                                  macro avg     0.9959    0.9961    0.9960      3096\n                               weighted avg     0.9958    0.9958    0.9958      3096\n",
    "nonzero_params": 11174607
  }
}