{
  "target": {
    "arch": "resnet18",
    "weights": "/home/bruno/Downloads/ModelCompressionResearchCopia/output/Bruno/Modelos/prunning/structured/pruned_structured_60_finetuned.pth.gz",
    "params_total": 4565007,
    "params_trainable": 0,
    "buffers": 7308,
    "macs": 801569280,
    "flops": 1603138560,
    "file_size_mb": 16.981804847717285,
    "fp32_size_mb": 17.414119720458984,
    "fp16_size_mb": 8.707059860229492,
    "int8_size_mb": 4.353529930114746,
    "latencies": {
      "1": {
        "mean_ms": 1.7180622301797952,
        "std_ms": 0.08307805790146726,
        "p50_ms": 1.6814080476760864,
        "p95_ms": 1.967206358909607,
        "p99_ms": 2.1035930013656614,
        "throughput_imgs": 582.0510936296819
      },
      "32": {
        "mean_ms": 13.316425757937962,
        "std_ms": 0.270249677544832,
        "p50_ms": 13.345791816711426,
        "p95_ms": 13.883875513076783,
        "p99_ms": 14.34911703109741,
        "throughput_imgs": 2403.047227663527
      }
    },
    "top1": 0.9799741602067183,
    "f1_macro": 0.9801013273977541,
    "f1_weighted": 0.9799690402382868,
    "per_class_report": "                                             precision    recall  f1-score   support\n\n              Pepper__bell___Bacterial_spot     0.9867    0.9933    0.9900       149\n                     Pepper__bell___healthy     0.9911    1.0000    0.9955       222\n                      Potato___Early_blight     0.9803    0.9933    0.9868       150\n                       Potato___Late_blight     0.9933    0.9933    0.9933       150\n                           Potato___healthy     1.0000    1.0000    1.0000        23\n                      Tomato_Bacterial_spot     0.9936    0.9781    0.9858       319\n                        Tomato_Early_blight     0.9456    0.9267    0.9360       150\n                         Tomato_Late_blight     0.9787    0.9650    0.9718       286\n                           Tomato_Leaf_Mold     0.9926    0.9371    0.9640       143\n                  Tomato_Septoria_leaf_spot     0.9922    0.9586    0.9751       266\nTomato_Spider_mites_Two_spotted_spider_mite     0.9801    0.9801    0.9801       251\n                        Tomato__Target_Spot     0.9321    0.9763    0.9537       211\n      Tomato__Tomato_YellowLeaf__Curl_Virus     0.9959    1.0000    0.9979       481\n                Tomato__Tomato_mosaic_virus     1.0000    1.0000    1.0000        56\n                             Tomato_healthy     0.9482    0.9958    0.9714       239\n\n                                   accuracy                         0.9800      3096\n                                  macro avg     0.9807    0.9798    0.9801      3096\n                               weighted avg     0.9803    0.9800    0.9800      3096\n",
    "nonzero_params": 4565007
  },
  "baseline": {
    "arch": "resnet18",
    "weights": "baseline.pth.gz",
    "params_total": 11174607,
    "params_trainable": 0,
    "buffers": 9620,
    "macs": 1813569024,
    "flops": 3627138048,
    "file_size_mb": 42.116960525512695,
    "fp32_size_mb": 42.627742767333984,
    "fp16_size_mb": 21.313871383666992,
    "int8_size_mb": 10.656935691833496,
    "latencies": {
      "1": {
        "mean_ms": 1.8226479160916673,
        "std_ms": 0.20409961075356017,
        "p50_ms": 1.804800033569336,
        "p95_ms": 2.2228991985321045,
        "p99_ms": 2.527272891998291,
        "throughput_imgs": 548.6523157716142
      },
      "32": {
        "mean_ms": 19.86257072024875,
        "std_ms": 0.6659035459457607,
        "p50_ms": 19.900928497314453,
        "p95_ms": 21.10064563751221,
        "p99_ms": 21.54107557296753,
        "throughput_imgs": 1611.070412319682
      }
    },
    "top1": 0.9958010335917312,
    "f1_macro": 0.9959944388056144,
    "f1_weighted": 0.9958006511148225,
    "per_class_report": "                                             precision    recall  f1-score   support\n\n              Pepper__bell___Bacterial_spot     1.0000    1.0000    1.0000       149\n                     Pepper__bell___healthy     0.9955    1.0000    0.9978       222\n                      Potato___Early_blight     1.0000    1.0000    1.0000       150\n                       Potato___Late_blight     1.0000    0.9933    0.9967       150\n                           Potato___healthy     1.0000    1.0000    1.0000        23\n                      Tomato_Bacterial_spot     0.9969    1.0000    0.9984       319\n                        Tomato_Early_blight     0.9800    0.9800    0.9800       150\n                         Tomato_Late_blight     0.9930    0.9860    0.9895       286\n                           Tomato_Leaf_Mold     1.0000    1.0000    1.0000       143\n                  Tomato_Septoria_leaf_spot     1.0000    0.9925    0.9962       266\nTomato_Spider_mites_Two_spotted_spider_mite     0.9921    1.0000    0.9960       251\n                        Tomato__Target_Spot     0.9859    0.9953    0.9906       211\n      Tomato__Tomato_YellowLeaf__Curl_Virus     1.0000    0.9979    0.9990       481\n                Tomato__Tomato_mosaic_virus     1.0000    1.0000    1.0000        56\n                             Tomato_healthy     0.9958    0.9958    0.9958       239\n\n                                   accuracy                         0.9958      3096\n                                  macro avg     0.9959    0.9961    0.9960      3096\n                               weighted avg     0.9958    0.9958    0.9958      3096\n",
    "nonzero_params": 11174607
  }
}