{
  "target": {
    "arch": "resnet18",
    "weights": "/home/bruno/Downloads/ModelCompressionResearchCopia/output/Bruno/Modelos/prunning/structured/pruned_structured_60_finetuned.pth.gz",
    "params_total": 4565007,
    "params_trainable": 0,
    "buffers": 7308,
    "macs": 801569280,
    "flops": 1603138560,
    "file_size_mb": 16.981804847717285,
    "fp32_size_mb": 17.414119720458984,
    "fp16_size_mb": 8.707059860229492,
    "int8_size_mb": 4.353529930114746,
    "latencies": {
      "1": {
        "mean_ms": 20.98831034032628,
        "std_ms": 12.72208862694029,
        "p50_ms": 14.548434999596793,
        "p95_ms": 48.86454730003604,
        "p99_ms": 57.28081326611572,
        "throughput_imgs": 47.645569547284204
      },
      "32": {
        "mean_ms": 442.7806373196654,
        "std_ms": 58.3545406917113,
        "p50_ms": 425.4028665018268,
        "p95_ms": 577.139987154078,
        "p99_ms": 594.1440617530316,
        "throughput_imgs": 72.27054957441061
      }
    },
    "top1": 0.9799741602067183,
    "f1_macro": 0.9801013273977541,
    "f1_weighted": 0.9799690402382868,
    "per_class_report": "                                             precision    recall  f1-score   support\n\n              Pepper__bell___Bacterial_spot     0.9867    0.9933    0.9900       149\n                     Pepper__bell___healthy     0.9911    1.0000    0.9955       222\n                      Potato___Early_blight     0.9803    0.9933    0.9868       150\n                       Potato___Late_blight     0.9933    0.9933    0.9933       150\n                           Potato___healthy     1.0000    1.0000    1.0000        23\n                      Tomato_Bacterial_spot     0.9936    0.9781    0.9858       319\n                        Tomato_Early_blight     0.9456    0.9267    0.9360       150\n                         Tomato_Late_blight     0.9787    0.9650    0.9718       286\n                           Tomato_Leaf_Mold     0.9926    0.9371    0.9640       143\n                  Tomato_Septoria_leaf_spot     0.9922    0.9586    0.9751       266\nTomato_Spider_mites_Two_spotted_spider_mite     0.9801    0.9801    0.9801       251\n                        Tomato__Target_Spot     0.9321    0.9763    0.9537       211\n      Tomato__Tomato_YellowLeaf__Curl_Virus     0.9959    1.0000    0.9979       481\n                Tomato__Tomato_mosaic_virus     1.0000    1.0000    1.0000        56\n                             Tomato_healthy     0.9482    0.9958    0.9714       239\n\n                                   accuracy                         0.9800      3096\n                                  macro avg     0.9807    0.9798    0.9801      3096\n                               weighted avg     0.9803    0.9800    0.9800      3096\n",
    "nonzero_params": 4565007
  },
  "baseline": {
    "arch": "resnet18",
    "weights": "/home/bruno/Downloads/ModelCompressionResearchCopia/baseline.pth.gz",
    "params_total": 11174607,
    "params_trainable": 0,
    "buffers": 9620,
    "macs": 1813569024,
    "flops": 3627138048,
    "file_size_mb": 42.116960525512695,
    "fp32_size_mb": 42.627742767333984,
    "fp16_size_mb": 21.313871383666992,
    "int8_size_mb": 10.656935691833496,
    "latencies": {
      "1": {
        "mean_ms": 24.681323340919334,
        "std_ms": 6.705726638899181,
        "p50_ms": 22.58278399676783,
        "p95_ms": 38.667584698123385,
        "p99_ms": 49.469072147767285,
        "throughput_imgs": 40.516466081950036
      },
      "32": {
        "mean_ms": 741.5677999999025,
        "std_ms": 78.62853358303846,
        "p50_ms": 742.5156499957666,
        "p95_ms": 867.8966859100909,
        "p99_ms": 932.8528668633952,
        "throughput_imgs": 43.15181969875743
      }
    },
    "top1": 0.9958010335917312,
    "f1_macro": 0.9959944388056144,
    "f1_weighted": 0.9958006511148225,
    "per_class_report": "                                             precision    recall  f1-score   support\n\n              Pepper__bell___Bacterial_spot     1.0000    1.0000    1.0000       149\n                     Pepper__bell___healthy     0.9955    1.0000    0.9978       222\n                      Potato___Early_blight     1.0000    1.0000    1.0000       150\n                       Potato___Late_blight     1.0000    0.9933    0.9967       150\n                           Potato___healthy     1.0000    1.0000    1.0000        23\n                      Tomato_Bacterial_spot     0.9969    1.0000    0.9984       319\n                        Tomato_Early_blight     0.9800    0.9800    0.9800       150\n                         Tomato_Late_blight     0.9930    0.9860    0.9895       286\n                           Tomato_Leaf_Mold     1.0000    1.0000    1.0000       143\n                  Tomato_Septoria_leaf_spot     1.0000    0.9925    0.9962       266\nTomato_Spider_mites_Two_spotted_spider_mite     0.9921    1.0000    0.9960       251\n                        Tomato__Target_Spot     0.9859    0.9953    0.9906       211\n      Tomato__Tomato_YellowLeaf__Curl_Virus     1.0000    0.9979    0.9990       481\n                Tomato__Tomato_mosaic_virus     1.0000    1.0000    1.0000        56\n                             Tomato_healthy     0.9958    0.9958    0.9958       239\n\n                                   accuracy                         0.9958      3096\n                                  macro avg     0.9959    0.9961    0.9960      3096\n                               weighted avg     0.9958    0.9958    0.9958      3096\n",
    "nonzero_params": 11174607
  }
}