{
  "target": {
    "arch": "resnet18",
    "weights": "/home/bruno/Downloads/ModelCompressionResearchCopia/pruned_structured_50.pth.gz",
    "params_total": 5681871,
    "params_trainable": 0,
    "buffers": 7700,
    "macs": 975429120,
    "flops": 1950858240,
    "file_size_mb": 21.123147010803223,
    "fp32_size_mb": 21.674617767333984,
    "fp16_size_mb": 10.837308883666992,
    "int8_size_mb": 5.418654441833496,
    "latencies": {
      "1": {
        "mean_ms": 8.064225919515593,
        "std_ms": 0.46453222093974095,
        "p50_ms": 7.920218002254842,
        "p95_ms": 8.880048049468314,
        "p99_ms": 9.263355089933611,
        "throughput_imgs": 124.00446242211288
      },
      "32": {
        "mean_ms": 296.4617788004398,
        "std_ms": 25.204950419048235,
        "p50_ms": 291.64317149843555,
        "p95_ms": 347.830809504012,
        "p99_ms": 380.9045673678337,
        "throughput_imgs": 107.9397152964547
      }
    },
    "top1": 0.07719638242894057,
    "f1_macro": 0.009555222388805597,
    "f1_weighted": 0.01106442902579718,
    "per_class_report": "                                             precision    recall  f1-score   support\n\n              Pepper__bell___Bacterial_spot     0.0000    0.0000    0.0000       149\n                     Pepper__bell___healthy     0.0000    0.0000    0.0000       222\n                      Potato___Early_blight     0.0000    0.0000    0.0000       150\n                       Potato___Late_blight     0.0000    0.0000    0.0000       150\n                           Potato___healthy     0.0000    0.0000    0.0000        23\n                      Tomato_Bacterial_spot     0.0000    0.0000    0.0000       319\n                        Tomato_Early_blight     0.0000    0.0000    0.0000       150\n                         Tomato_Late_blight     0.0000    0.0000    0.0000       286\n                           Tomato_Leaf_Mold     0.0000    0.0000    0.0000       143\n                  Tomato_Septoria_leaf_spot     0.0000    0.0000    0.0000       266\nTomato_Spider_mites_Two_spotted_spider_mite     0.0000    0.0000    0.0000       251\n                        Tomato__Target_Spot     0.0000    0.0000    0.0000       211\n      Tomato__Tomato_YellowLeaf__Curl_Virus     0.0000    0.0000    0.0000       481\n                Tomato__Tomato_mosaic_virus     0.0000    0.0000    0.0000        56\n                             Tomato_healthy     0.0772    1.0000    0.1433       239\n\n                                   accuracy                         0.0772      3096\n                                  macro avg     0.0051    0.0667    0.0096      3096\n                               weighted avg     0.0060    0.0772    0.0111      3096\n",
    "nonzero_params": 5681871
  },
  "baseline": {
    "arch": "resnet18",
    "weights": "/home/bruno/Downloads/ModelCompressionResearchCopia/baseline.pth.gz",
    "params_total": 11174607,
    "params_trainable": 0,
    "buffers": 9620,
    "macs": 1813569024,
    "flops": 3627138048,
    "file_size_mb": 42.116963386535645,
    "fp32_size_mb": 42.627742767333984,
    "fp16_size_mb": 21.313871383666992,
    "int8_size_mb": 10.656935691833496,
    "latencies": {
      "1": {
        "mean_ms": 13.375825179682579,
        "std_ms": 1.0512183482821655,
        "p50_ms": 13.272587999381358,
        "p95_ms": 15.133018948108656,
        "p99_ms": 16.272121658839747,
        "throughput_imgs": 74.76174266384446
      },
      "32": {
        "mean_ms": 388.52018822028185,
        "std_ms": 20.312626913360646,
        "p50_ms": 384.280239999498,
        "p95_ms": 422.70004739839345,
        "p99_ms": 450.84520124029945,
        "throughput_imgs": 82.36380237172321
      }
    },
    "top1": 0.9958010335917312,
    "f1_macro": 0.9959944388056144,
    "f1_weighted": 0.9958006511148225,
    "per_class_report": "                                             precision    recall  f1-score   support\n\n              Pepper__bell___Bacterial_spot     1.0000    1.0000    1.0000       149\n                     Pepper__bell___healthy     0.9955    1.0000    0.9978       222\n                      Potato___Early_blight     1.0000    1.0000    1.0000       150\n                       Potato___Late_blight     1.0000    0.9933    0.9967       150\n                           Potato___healthy     1.0000    1.0000    1.0000        23\n                      Tomato_Bacterial_spot     0.9969    1.0000    0.9984       319\n                        Tomato_Early_blight     0.9800    0.9800    0.9800       150\n                         Tomato_Late_blight     0.9930    0.9860    0.9895       286\n                           Tomato_Leaf_Mold     1.0000    1.0000    1.0000       143\n                  Tomato_Septoria_leaf_spot     1.0000    0.9925    0.9962       266\nTomato_Spider_mites_Two_spotted_spider_mite     0.9921    1.0000    0.9960       251\n                        Tomato__Target_Spot     0.9859    0.9953    0.9906       211\n      Tomato__Tomato_YellowLeaf__Curl_Virus     1.0000    0.9979    0.9990       481\n                Tomato__Tomato_mosaic_virus     1.0000    1.0000    1.0000        56\n                             Tomato_healthy     0.9958    0.9958    0.9958       239\n\n                                   accuracy                         0.9958      3096\n                                  macro avg     0.9959    0.9961    0.9960      3096\n                               weighted avg     0.9958    0.9958    0.9958      3096\n",
    "nonzero_params": 11174607
  }
}