{
  "target": {
    "arch": "pruned_structured_30",
    "weights": "/home/bruno/Downloads/ModelCompressionResearch/output/Bruno/Modelos/prunning/structured/pruned_structured_30.pth.gz",
    "params_total": 11174607,
    "params_trainable": 0,
    "buffers": 9620,
    "macs": 1813569024,
    "flops": 3627138048,
    "file_size_mb": 36.310967445373535,
    "fp32_size_mb": 42.627742767333984,
    "fp16_size_mb": 21.313871383666992,
    "int8_size_mb": 10.656935691833496,
    "latencies": {
      "1": {
        "mean_ms": 1.790223860007245,
        "std_ms": 0.16563075012618306,
        "p50_ms": 1.7096854999181232,
        "p95_ms": 2.124022000043624,
        "p99_ms": 2.22703240003284,
        "throughput_imgs": 558.5893598781289
      },
      "32": {
        "mean_ms": 20.86339162000513,
        "std_ms": 0.11883383639837425,
        "p50_ms": 20.844503000262193,
        "p95_ms": 21.116270500351675,
        "p99_ms": 21.13141199992242,
        "throughput_imgs": 1533.7870554716708
      }
    },
    "top1": 0.9916020671834626,
    "f1_macro": 0.9917732943142992,
    "f1_weighted": 0.9915704413166473,
    "per_class_report": "                                             precision    recall  f1-score   support\n\n              Pepper__bell___Bacterial_spot     1.0000    0.9933    0.9966       149\n                     Pepper__bell___healthy     0.9955    1.0000    0.9978       222\n                      Potato___Early_blight     1.0000    1.0000    1.0000       150\n                       Potato___Late_blight     1.0000    0.9733    0.9865       150\n                           Potato___healthy     1.0000    1.0000    1.0000        23\n                      Tomato_Bacterial_spot     0.9938    1.0000    0.9969       319\n                        Tomato_Early_blight     0.9724    0.9400    0.9559       150\n                         Tomato_Late_blight     0.9790    0.9790    0.9790       286\n                           Tomato_Leaf_Mold     1.0000    1.0000    1.0000       143\n                  Tomato_Septoria_leaf_spot     0.9888    1.0000    0.9944       266\nTomato_Spider_mites_Two_spotted_spider_mite     0.9960    0.9920    0.9940       251\n                        Tomato__Target_Spot     0.9767    0.9953    0.9859       211\n      Tomato__Tomato_YellowLeaf__Curl_Virus     0.9958    0.9958    0.9958       481\n                Tomato__Tomato_mosaic_virus     1.0000    1.0000    1.0000        56\n                             Tomato_healthy     0.9917    0.9958    0.9937       239\n\n                                   accuracy                         0.9916      3096\n                                  macro avg     0.9927    0.9910    0.9918      3096\n                               weighted avg     0.9916    0.9916    0.9916      3096\n",
    "nonzero_params": 9673032
  },
  "baseline": {
    "arch": "resnet18",
    "weights": "/home/bruno/Downloads/ModelCompressionResearch/output/best_model.pth",
    "params_total": 11174607,
    "params_trainable": 0,
    "buffers": 9620,
    "macs": 1813569024,
    "flops": 3627138048,
    "file_size_mb": 64.75315475463867,
    "fp32_size_mb": 42.627742767333984,
    "fp16_size_mb": 21.313871383666992,
    "int8_size_mb": 10.656935691833496,
    "latencies": {
      "1": {
        "mean_ms": 1.8029372998898907,
        "std_ms": 0.1948111432948639,
        "p50_ms": 1.7247799996766844,
        "p95_ms": 2.2488080502171215,
        "p99_ms": 2.2709874894007953,
        "throughput_imgs": 554.6504584829834
      },
      "32": {
        "mean_ms": 20.914918620055687,
        "std_ms": 0.21916858119459326,
        "p50_ms": 20.88893350037324,
        "p95_ms": 21.281505549950452,
        "p99_ms": 21.600110309709635,
        "throughput_imgs": 1530.008343867742
      }
    },
    "top1": 0.9958010335917312,
    "f1_macro": 0.9959944388056144,
    "f1_weighted": 0.9958006511148225,
    "per_class_report": "                                             precision    recall  f1-score   support\n\n              Pepper__bell___Bacterial_spot     1.0000    1.0000    1.0000       149\n                     Pepper__bell___healthy     0.9955    1.0000    0.9978       222\n                      Potato___Early_blight     1.0000    1.0000    1.0000       150\n                       Potato___Late_blight     1.0000    0.9933    0.9967       150\n                           Potato___healthy     1.0000    1.0000    1.0000        23\n                      Tomato_Bacterial_spot     0.9969    1.0000    0.9984       319\n                        Tomato_Early_blight     0.9800    0.9800    0.9800       150\n                         Tomato_Late_blight     0.9930    0.9860    0.9895       286\n                           Tomato_Leaf_Mold     1.0000    1.0000    1.0000       143\n                  Tomato_Septoria_leaf_spot     1.0000    0.9925    0.9962       266\nTomato_Spider_mites_Two_spotted_spider_mite     0.9921    1.0000    0.9960       251\n                        Tomato__Target_Spot     0.9859    0.9953    0.9906       211\n      Tomato__Tomato_YellowLeaf__Curl_Virus     1.0000    0.9979    0.9990       481\n                Tomato__Tomato_mosaic_virus     1.0000    1.0000    1.0000        56\n                             Tomato_healthy     0.9958    0.9958    0.9958       239\n\n                                   accuracy                         0.9958      3096\n                                  macro avg     0.9959    0.9961    0.9960      3096\n                               weighted avg     0.9958    0.9958    0.9958      3096\n",
    "nonzero_params": 11174607
  }
}