{
  "target": {
    "arch": "ptq_static_int8",
    "weights": "/home/bruno/Downloads/ModelCompressionResearch/output/Bruno/Modelos/quantization/ptq_static/ptq_static_int8.pth",
    "params_total": 11179407,
    "params_trainable": 0,
    "buffers": 2,
    "macs": 944119296,
    "flops": 1888238592,
    "file_size_mb": 10.791396141052246,
    "fp32_size_mb": 42.646053314208984,
    "fp16_size_mb": 21.323026657104492,
    "int8_size_mb": 10.661513328552246,
    "latencies": {
      "1": {
        "mean_ms": 5.454681599931064,
        "std_ms": 0.39432457357329387,
        "p50_ms": 5.47330100016552,
        "p95_ms": 6.074235449887055,
        "p99_ms": 6.322936700053106,
        "throughput_imgs": 183.32875744986436
      },
      "32": {
        "mean_ms": 109.07501770005183,
        "std_ms": 3.617862429543273,
        "p50_ms": 108.32261299947277,
        "p95_ms": 116.45550865041514,
        "p99_ms": 120.46340519033036,
        "throughput_imgs": 293.3760697430975
      }
    },
    "top1": 0.1101421188630491,
    "f1_macro": 0.06693330951729974,
    "f1_weighted": 0.06770718593382787,
    "per_class_report": "                                             precision    recall  f1-score   support\n\n              Pepper__bell___Bacterial_spot     0.1236    0.2953    0.1743       149\n                     Pepper__bell___healthy     0.0000    0.0000    0.0000       222\n                      Potato___Early_blight     1.0000    0.0133    0.0263       150\n                       Potato___Late_blight     0.0578    0.9533    0.1090       150\n                           Potato___healthy     0.0000    0.0000    0.0000        23\n                      Tomato_Bacterial_spot     0.0000    0.0000    0.0000       319\n                        Tomato_Early_blight     0.1111    0.0067    0.0126       150\n                         Tomato_Late_blight     0.1429    0.0105    0.0195       286\n                           Tomato_Leaf_Mold     0.5000    0.0140    0.0272       143\n                  Tomato_Septoria_leaf_spot     0.3333    0.0038    0.0074       266\nTomato_Spider_mites_Two_spotted_spider_mite     0.0000    0.0000    0.0000       251\n                        Tomato__Target_Spot     0.0000    0.0000    0.0000       211\n      Tomato__Tomato_YellowLeaf__Curl_Virus     0.0000    0.0000    0.0000       481\n                Tomato__Tomato_mosaic_virus     0.0000    0.0000    0.0000        56\n                             Tomato_healthy     0.6502    0.6067    0.6277       239\n\n                                   accuracy                         0.1101      3096\n                                  macro avg     0.1946    0.1269    0.0669      3096\n                               weighted avg     0.1777    0.1101    0.0677      3096\n",
    "nonzero_params": 10970164
  },
  "baseline": {
    "arch": "resnet18",
    "weights": "/home/bruno/Downloads/ModelCompressionResearch/output/best_model.pth",
    "params_total": 11174607,
    "params_trainable": 0,
    "buffers": 9620,
    "macs": 1813569024,
    "flops": 3627138048,
    "file_size_mb": 64.75315475463867,
    "fp32_size_mb": 42.627742767333984,
    "fp16_size_mb": 21.313871383666992,
    "int8_size_mb": 10.656935691833496,
    "latencies": {
      "1": {
        "mean_ms": 15.441832300020906,
        "std_ms": 1.1907016303783609,
        "p50_ms": 15.66614049988857,
        "p95_ms": 17.24483845018767,
        "p99_ms": 17.315990899605822,
        "throughput_imgs": 64.75915426167697
      },
      "32": {
        "mean_ms": 401.02896000002147,
        "std_ms": 45.74271645856342,
        "p50_ms": 388.5114465001607,
        "p95_ms": 489.58784849960466,
        "p99_ms": 529.1208604704296,
        "throughput_imgs": 79.79473602105516
      }
    },
    "top1": 0.9958010335917312,
    "f1_macro": 0.9959944388056144,
    "f1_weighted": 0.9958006511148225,
    "per_class_report": "                                             precision    recall  f1-score   support\n\n              Pepper__bell___Bacterial_spot     1.0000    1.0000    1.0000       149\n                     Pepper__bell___healthy     0.9955    1.0000    0.9978       222\n                      Potato___Early_blight     1.0000    1.0000    1.0000       150\n                       Potato___Late_blight     1.0000    0.9933    0.9967       150\n                           Potato___healthy     1.0000    1.0000    1.0000        23\n                      Tomato_Bacterial_spot     0.9969    1.0000    0.9984       319\n                        Tomato_Early_blight     0.9800    0.9800    0.9800       150\n                         Tomato_Late_blight     0.9930    0.9860    0.9895       286\n                           Tomato_Leaf_Mold     1.0000    1.0000    1.0000       143\n                  Tomato_Septoria_leaf_spot     1.0000    0.9925    0.9962       266\nTomato_Spider_mites_Two_spotted_spider_mite     0.9921    1.0000    0.9960       251\n                        Tomato__Target_Spot     0.9859    0.9953    0.9906       211\n      Tomato__Tomato_YellowLeaf__Curl_Virus     1.0000    0.9979    0.9990       481\n                Tomato__Tomato_mosaic_virus     1.0000    1.0000    1.0000        56\n                             Tomato_healthy     0.9958    0.9958    0.9958       239\n\n                                   accuracy                         0.9958      3096\n                                  macro avg     0.9959    0.9961    0.9960      3096\n                               weighted avg     0.9958    0.9958    0.9958      3096\n",
    "nonzero_params": 11174607
  }
}