{
  "target": {
    "arch": "resnet18",
    "weights": "/home/bruno/Downloads/ModelCompressionResearchCopia/output/Bruno/Modelos/quantization/ptq_static/ptq_static_fx_int8.pth.gz",
    "params_total": 11174607,
    "params_trainable": 0,
    "buffers": 18,
    "macs": 944119296,
    "flops": 1888238592,
    "file_size_mb": 9.09266471862793,
    "fp32_size_mb": 42.646053314208984,
    "fp16_size_mb": 21.323026657104492,
    "int8_size_mb": 10.661513328552246,
    "latencies": {
      "1": {
        "mean_ms": 5.294408579356968,
        "std_ms": 0.6543203441710039,
        "p50_ms": 4.962796498148236,
        "p95_ms": 6.389783005579375,
        "p99_ms": 6.431611891457578,
        "throughput_imgs": 188.87850928223128
      },
      "32": {
        "mean_ms": 116.0880698802066,
        "std_ms": 11.325920788972274,
        "p50_ms": 113.5837480032933,
        "p95_ms": 133.73284610061083,
        "p99_ms": 165.4701110017777,
        "throughput_imgs": 275.65278700060554
      }
    },
    "top1": 0.9958010335917312,
    "f1_macro": 0.9961367421257272,
    "f1_weighted": 0.9958013658484641,
    "per_class_report": "                                             precision    recall  f1-score   support\n\n              Pepper__bell___Bacterial_spot     1.0000    1.0000    1.0000       149\n                     Pepper__bell___healthy     0.9955    1.0000    0.9978       222\n                      Potato___Early_blight     1.0000    1.0000    1.0000       150\n                       Potato___Late_blight     1.0000    0.9933    0.9967       150\n                           Potato___healthy     1.0000    1.0000    1.0000        23\n                      Tomato_Bacterial_spot     0.9969    1.0000    0.9984       319\n                        Tomato_Early_blight     0.9801    0.9867    0.9834       150\n                         Tomato_Late_blight     0.9930    0.9860    0.9895       286\n                           Tomato_Leaf_Mold     1.0000    1.0000    1.0000       143\n                  Tomato_Septoria_leaf_spot     1.0000    0.9887    0.9943       266\nTomato_Spider_mites_Two_spotted_spider_mite     0.9882    1.0000    0.9941       251\n                        Tomato__Target_Spot     0.9953    0.9953    0.9953       211\n      Tomato__Tomato_YellowLeaf__Curl_Virus     1.0000    0.9979    0.9990       481\n                Tomato__Tomato_mosaic_virus     1.0000    1.0000    1.0000        56\n                             Tomato_healthy     0.9917    0.9958    0.9937       239\n\n                                   accuracy                         0.9958      3096\n                                  macro avg     0.9960    0.9962    0.9961      3096\n                               weighted avg     0.9958    0.9958    0.9958      3096\n",
    "nonzero_params": 10970164
  },
  "baseline": {
    "arch": "resnet18",
    "weights": "/home/bruno/Downloads/ModelCompressionResearchCopia/baseline.pth.gz",
    "params_total": 11174607,
    "params_trainable": 0,
    "buffers": 9620,
    "macs": 1813569024,
    "flops": 3627138048,
    "file_size_mb": 42.116960525512695,
    "fp32_size_mb": 42.627742767333984,
    "fp16_size_mb": 21.313871383666992,
    "int8_size_mb": 10.656935691833496,
    "latencies": {
      "1": {
        "mean_ms": 14.100060839264188,
        "std_ms": 1.2117073353479615,
        "p50_ms": 13.891805007006042,
        "p95_ms": 17.112598055973645,
        "p99_ms": 18.599511309002988,
        "throughput_imgs": 70.92167979980043
      },
      "32": {
        "mean_ms": 443.2004434801638,
        "std_ms": 23.950302967266357,
        "p50_ms": 438.4131104889093,
        "p95_ms": 489.576320098422,
        "p99_ms": 493.2598260768282,
        "throughput_imgs": 72.2020938172464
      }
    },
    "top1": 0.9958010335917312,
    "f1_macro": 0.9959944388056144,
    "f1_weighted": 0.9958006511148225,
    "per_class_report": "                                             precision    recall  f1-score   support\n\n              Pepper__bell___Bacterial_spot     1.0000    1.0000    1.0000       149\n                     Pepper__bell___healthy     0.9955    1.0000    0.9978       222\n                      Potato___Early_blight     1.0000    1.0000    1.0000       150\n                       Potato___Late_blight     1.0000    0.9933    0.9967       150\n                           Potato___healthy     1.0000    1.0000    1.0000        23\n                      Tomato_Bacterial_spot     0.9969    1.0000    0.9984       319\n                        Tomato_Early_blight     0.9800    0.9800    0.9800       150\n                         Tomato_Late_blight     0.9930    0.9860    0.9895       286\n                           Tomato_Leaf_Mold     1.0000    1.0000    1.0000       143\n                  Tomato_Septoria_leaf_spot     1.0000    0.9925    0.9962       266\nTomato_Spider_mites_Two_spotted_spider_mite     0.9921    1.0000    0.9960       251\n                        Tomato__Target_Spot     0.9859    0.9953    0.9906       211\n      Tomato__Tomato_YellowLeaf__Curl_Virus     1.0000    0.9979    0.9990       481\n                Tomato__Tomato_mosaic_virus     1.0000    1.0000    1.0000        56\n                             Tomato_healthy     0.9958    0.9958    0.9958       239\n\n                                   accuracy                         0.9958      3096\n                                  macro avg     0.9959    0.9961    0.9960      3096\n                               weighted avg     0.9958    0.9958    0.9958      3096\n",
    "nonzero_params": 11174607
  }
}