{
  "target": {
    "arch": "ptq_dynamic_int8",
    "weights": "/home/bruno/Downloads/ModelCompressionResearch/output/Bruno/Modelos/quantization/ptq_dynamic/ptq_dynamic_int8.pth",
    "params_total": 11174607,
    "params_trainable": 0,
    "buffers": 9620,
    "macs": 1813569024,
    "flops": 3627138048,
    "file_size_mb": 42.71828556060791,
    "fp32_size_mb": 42.627742767333984,
    "fp16_size_mb": 21.313871383666992,
    "int8_size_mb": 10.656935691833496,
    "latencies": {
      "1": {
        "mean_ms": 12.741327960175113,
        "std_ms": 0.4941668707278292,
        "p50_ms": 12.717331001113052,
        "p95_ms": 13.390706999962276,
        "p99_ms": 14.132608200034154,
        "throughput_imgs": 78.48475473872476
      },
      "32": {
        "mean_ms": 414.8759438000707,
        "std_ms": 14.155187029002256,
        "p50_ms": 413.2652919997781,
        "p95_ms": 438.49975280054423,
        "p99_ms": 450.64643098041415,
        "throughput_imgs": 77.1314906979057
      }
    },
    "top1": 0.9954780361757106,
    "f1_macro": 0.9957374443710257,
    "f1_weighted": 0.9954761047365064,
    "per_class_report": "                                             precision    recall  f1-score   support\n\n              Pepper__bell___Bacterial_spot     1.0000    1.0000    1.0000       149\n                     Pepper__bell___healthy     0.9955    1.0000    0.9978       222\n                      Potato___Early_blight     1.0000    1.0000    1.0000       150\n                       Potato___Late_blight     1.0000    0.9933    0.9967       150\n                           Potato___healthy     1.0000    1.0000    1.0000        23\n                      Tomato_Bacterial_spot     0.9969    1.0000    0.9984       319\n                        Tomato_Early_blight     0.9800    0.9800    0.9800       150\n                         Tomato_Late_blight     0.9929    0.9825    0.9877       286\n                           Tomato_Leaf_Mold     1.0000    1.0000    1.0000       143\n                  Tomato_Septoria_leaf_spot     1.0000    0.9925    0.9962       266\nTomato_Spider_mites_Two_spotted_spider_mite     0.9921    1.0000    0.9960       251\n                        Tomato__Target_Spot     0.9859    0.9953    0.9906       211\n      Tomato__Tomato_YellowLeaf__Curl_Virus     1.0000    0.9979    0.9990       481\n                Tomato__Tomato_mosaic_virus     1.0000    1.0000    1.0000        56\n                             Tomato_healthy     0.9917    0.9958    0.9937       239\n\n                                   accuracy                         0.9955      3096\n                                  macro avg     0.9957    0.9958    0.9957      3096\n                               weighted avg     0.9955    0.9955    0.9955      3096\n",
    "nonzero_params": 11174528
  },
  "baseline": {
    "arch": "resnet18",
    "weights": "/home/bruno/Downloads/ModelCompressionResearch/best_model.pth",
    "params_total": 11174607,
    "params_trainable": 0,
    "buffers": 9620,
    "macs": 1813569024,
    "flops": 3627138048,
    "file_size_mb": 64.75315475463867,
    "fp32_size_mb": 42.627742767333984,
    "fp16_size_mb": 21.313871383666992,
    "int8_size_mb": 10.656935691833496,
    "latencies": {
      "1": {
        "mean_ms": 12.116985419997945,
        "std_ms": 0.22676499271670966,
        "p50_ms": 12.10765150062798,
        "p95_ms": 12.491141499322111,
        "p99_ms": 12.723216400099773,
        "throughput_imgs": 82.52877802011662
      },
      "32": {
        "mean_ms": 402.6547264200417,
        "std_ms": 24.766828748045416,
        "p50_ms": 398.0380884995611,
        "p95_ms": 440.6793139501133,
        "p99_ms": 492.71155436008473,
        "throughput_imgs": 79.47255526964364
      }
    },
    "top1": 0.9958010335917312,
    "f1_macro": 0.9959944388056144,
    "f1_weighted": 0.9958006511148225,
    "per_class_report": "                                             precision    recall  f1-score   support\n\n              Pepper__bell___Bacterial_spot     1.0000    1.0000    1.0000       149\n                     Pepper__bell___healthy     0.9955    1.0000    0.9978       222\n                      Potato___Early_blight     1.0000    1.0000    1.0000       150\n                       Potato___Late_blight     1.0000    0.9933    0.9967       150\n                           Potato___healthy     1.0000    1.0000    1.0000        23\n                      Tomato_Bacterial_spot     0.9969    1.0000    0.9984       319\n                        Tomato_Early_blight     0.9800    0.9800    0.9800       150\n                         Tomato_Late_blight     0.9930    0.9860    0.9895       286\n                           Tomato_Leaf_Mold     1.0000    1.0000    1.0000       143\n                  Tomato_Septoria_leaf_spot     1.0000    0.9925    0.9962       266\nTomato_Spider_mites_Two_spotted_spider_mite     0.9921    1.0000    0.9960       251\n                        Tomato__Target_Spot     0.9859    0.9953    0.9906       211\n      Tomato__Tomato_YellowLeaf__Curl_Virus     1.0000    0.9979    0.9990       481\n                Tomato__Tomato_mosaic_virus     1.0000    1.0000    1.0000        56\n                             Tomato_healthy     0.9958    0.9958    0.9958       239\n\n                                   accuracy                         0.9958      3096\n                                  macro avg     0.9959    0.9961    0.9960      3096\n                               weighted avg     0.9958    0.9958    0.9958      3096\n",
    "nonzero_params": 11174607
  }
}